hotel_id,city_id,hotel_type,basename,distance_to_center,longitude,latitude,overall_rating,impression_level,interaction_level,car_park,club_club_hotel,designer_hotel,attraction_hotel,luxury_hotel,beach_front_hotel,convention_hotel,spa_hotel,country_hotel,airport_hotel,senior_hotel,eco_friendly_hotel,party_people,business_people,honeymooners,singles,large_groups,family_hotel,gay_friendly,wifi_lobby,wifi_room
11511119,31497,Hotel,Xi Hu,2799,114.17100524902344,22.30606460571289,NA,1,1,0,NA,NA,NA,NA,NA,NA,NA,NA,NA,NA,NA,NA,NA,NA,NA,NA,NA,NA,1,1
11577919,14121,Hotel,Colors Urban  Thessaloniki,586,22.939218521118164,40.63480758666992,5,1,1,0,NA,NA,NA,NA,NA,NA,NA,NA,NA,NA,NA,NA,NA,NA,NA,NA,1,NA,1,1
11530983,27561,Hotel,Van der Valk Hotel Oostzaan - Amsterdam,6485,4.876710891723633,52.427398681640625,5,1,2,1,NA,1,NA,NA,NA,NA,NA,NA,NA,NA,NA,NA,NA,1,1,1,1,NA,1,1
11814291,14121,Hotel,Elia City,611,22.938928604125977,40.63488006591797,NA,1,1,NA,NA,NA,NA,NA,NA,NA,NA,NA,NA,NA,NA,NA,NA,NA,NA,NA,NA,NA,1,1
11938295,31497,Home / Apartment,Le Petit Rosedale  Hong Kong,2870,114.18923950195312,22.27920913696289,3,1,1,0,NA,NA,NA,NA,NA,NA,NA,NA,NA,NA,NA,NA,NA,NA,NA,NA,NA,NA,1,1
214201,14121,Hotel,Pella,626,22.942245483398438,40.63915252685547,2,1,1,NA,NA,NA,NA,NA,NA,NA,NA,NA,NA,NA,NA,0,1,NA,NA,NA,NA,0,1,1
15891,14257,Hotel,Holiday Inn Express Los Angeles - LAX Airport,15730,-118.38516235351562,33.95913314819336,3,1,1,1,NA,NA,NA,NA,NA,1,NA,NA,NA,NA,NA,NA,1,NA,NA,NA,1,NA,1,1
28219,27561,Hotel,Hilton Amsterdam,2597,4.87272310256958,52.35137939453125,5,4,3,1,NA,NA,NA,1,NA,1,NA,NA,NA,NA,NA,NA,1,NA,NA,1,1,NA,1,1
33175,31497,Hotel,The Peninsula Hong Kong,1759,114.1718521118164,22.295101165771484,5,2,1,1,NA,NA,NA,1,0,NA,1,NA,NA,NA,NA,0,1,NA,1,NA,1,1,1,1
65997,14121,Hotel,Capsis Hotel Thessaloniki,1483,22.93183135986328,40.6421012878418,2,1,1,1,NA,NA,NA,NA,NA,1,NA,NA,NA,NA,NA,NA,1,NA,1,1,1,NA,1,1
77739,14121,Hotel,El Greco,857,22.93818473815918,40.63914489746094,3,2,2,1,NA,NA,NA,NA,NA,NA,NA,NA,NA,NA,NA,NA,1,NA,1,1,1,NA,1,1
77755,14121,Hotel,City Hotel Thessaloniki,519,22.940027236938477,40.63386535644531,4,1,1,0,NA,1,NA,NA,NA,NA,0,NA,NA,NA,NA,0,1,NA,1,1,0,NA,1,1
77759,14121,Hotel,Philippion,3609,22.98590087890625,40.64630889892578,1,1,1,1,NA,NA,NA,NA,NA,NA,NA,NA,NA,NA,NA,NA,1,1,NA,NA,NA,NA,1,1
84187,27561,Hotel,New West Inn Amsterdam,6875,4.794897079467773,52.36251449584961,2,6,5,1,NA,NA,NA,NA,NA,NA,NA,NA,NA,NA,NA,NA,1,NA,NA,NA,1,NA,1,1
84201,27561,Hotel,XO Hotels City Centre,563,4.896845817565918,52.375179290771484,1,6,3,0,NA,NA,NA,NA,NA,NA,NA,NA,NA,NA,NA,NA,1,NA,NA,0,1,NA,1,1
84265,27561,Hotel,Amsterdam Marriott Hotel,1367,4.879209041595459,52.362857818603516,4,7,3,1,NA,1,NA,NA,NA,1,NA,NA,NA,NA,NA,NA,1,NA,NA,NA,1,NA,1,1
84291,27561,Hotel,The Toren,909,4.885819911956787,52.37593078613281,5,1,2,1,NA,NA,NA,NA,NA,NA,NA,NA,NA,NA,NA,NA,NA,NA,NA,NA,NA,NA,1,1
108325,31497,Hotel,B P International,2391,114.16950988769531,22.302671432495117,3,2,1,1,NA,NA,NA,NA,0,1,NA,NA,1,NA,NA,NA,1,1,NA,1,1,NA,1,1
118915,14257,Hotel,Hilton Checkers Los Angeles,240,-118.25521850585938,34.0494384765625,4,1,1,1,NA,1,NA,NA,NA,1,NA,NA,NA,NA,NA,NA,1,NA,NA,NA,1,NA,1,1
7033351,14257,Hotel,Rotex Western Inn,4939,-118.30936431884766,34.055049896240234,1,1,1,1,NA,NA,NA,NA,NA,NA,NA,NA,NA,NA,NA,NA,NA,NA,NA,NA,NA,NA,1,1
7170159,14257,Hotel,Hyatt Regency Los Angeles International Airport,17374,-118.39511108398438,33.946163177490234,2,1,1,NA,NA,NA,1,NA,NA,NA,NA,NA,1,NA,NA,NA,1,NA,NA,NA,1,NA,1,NA
11491367,14121,Home / Apartment,Luxury Living & Spa,458,22.946754455566406,40.63026809692383,5,1,1,1,NA,NA,NA,1,0,NA,1,NA,NA,NA,1,1,1,1,1,1,1,1,1,1
11935919,14257,Hotel,Los Angeles Vacation Rooms,5451,-118.3022689819336,34.02104949951172,1,1,1,1,NA,NA,NA,NA,NA,NA,NA,NA,NA,NA,NA,NA,NA,NA,NA,NA,NA,NA,1,1
6088555,31497,Hostel,Ho Mong Kok Hostel,4268,114.17073822021484,22.319896697998047,3,1,1,NA,NA,NA,NA,NA,NA,NA,NA,NA,NA,NA,NA,NA,NA,NA,1,NA,1,NA,1,1
6750493,27561,Bed & Breakfast,Floating B&B Amsterdam,5641,4.977840900421143,52.3763313293457,4,1,2,1,NA,NA,NA,NA,NA,NA,NA,NA,NA,NA,NA,NA,NA,NA,NA,NA,NA,NA,1,1
15877,14257,Hotel,Hilton Los Angeles Airport,16470,-118.38159942626953,33.94623565673828,3,4,4,1,NA,NA,NA,NA,NA,1,NA,NA,1,NA,NA,NA,1,NA,NA,1,1,NA,1,1
15901,14257,Hotel,The L A Hotel Downtown,391,-118.25540161132812,34.05500030517578,3,1,1,1,NA,NA,NA,NA,NA,1,NA,NA,NA,NA,NA,NA,1,NA,NA,1,NA,NA,1,1
15925,14257,Hotel,The Westin Los Angeles Airport,16131,-118.37419891357422,33.94459915161133,3,2,2,1,NA,NA,NA,NA,NA,1,1,NA,NA,NA,NA,NA,1,NA,NA,1,NA,NA,1,1
27651,14257,Hotel,Sofitel Los Angeles at Beverly Hills,11534,-118.3775405883789,34.076202392578125,5,3,3,1,NA,NA,NA,NA,NA,1,1,NA,NA,NA,1,NA,1,1,NA,1,1,NA,1,1
32233,27561,Hotel,Park Hotel Amsterdam,1277,4.883021831512451,52.361534118652344,4,4,2,1,NA,1,NA,1,NA,1,NA,NA,NA,NA,1,NA,1,1,NA,1,0,1,1,1
65977,14121,Hotel,Mediterranean Palace,898,22.93571662902832,40.6359977722168,4,1,1,1,NA,NA,NA,1,NA,1,NA,NA,NA,NA,NA,1,1,1,1,1,1,NA,1,1
77757,14121,Hotel,Le Palace Art Hotel,546,22.939664840698242,40.634498596191406,3,1,1,1,NA,NA,NA,NA,NA,NA,NA,NA,NA,NA,NA,1,NA,NA,NA,NA,NA,1,1,1
79479,27561,Hotel,Bastion Hotel Amsterdam Amstel,4617,4.927638053894043,52.33366012573242,1,5,2,1,NA,NA,NA,NA,NA,NA,NA,NA,NA,NA,NA,NA,1,NA,NA,NA,NA,NA,1,1
84169,27561,Hotel,NH Collection Doelen,283,4.894617080688477,52.367698669433594,3,5,2,0,NA,1,NA,1,NA,NA,NA,NA,NA,NA,1,NA,1,1,NA,1,NA,1,1,1
84209,27561,Hotel,Amsterdam Tropen Hotel,2077,4.922632217407227,52.36174011230469,3,6,2,1,NA,NA,NA,NA,NA,NA,NA,NA,NA,NA,NA,NA,1,NA,NA,NA,NA,NA,1,1
84253,27561,Hotel,Radisson Blu Hotel Amsterdam,88,4.896639823913574,52.370079040527344,5,7,6,1,NA,1,NA,1,NA,NA,NA,NA,NA,NA,NA,0,1,1,1,1,NA,NA,1,1
84581,27561,Hotel,NH City Centre Amsterdam,456,4.888692855834961,52.369747161865234,3,9,5,1,NA,NA,NA,NA,NA,NA,NA,NA,NA,NA,1,NA,1,1,1,1,1,1,1,1
108243,31497,Hotel,Harbour Grand Kowloon,3856,114.19215393066406,22.30249786376953,5,3,3,1,NA,NA,NA,1,0,NA,NA,NA,NA,NA,NA,NA,1,1,1,1,1,NA,1,1
108661,31497,Hotel,Panda Hotel,10528,114.12030029296875,22.36910057067871,3,2,2,1,NA,NA,NA,NA,NA,NA,NA,NA,NA,NA,NA,NA,1,NA,NA,1,1,NA,1,1
119895,14257,Hotel,Super 8 Los Angeles Culver City Area,17503,-118.43389892578125,33.99654769897461,4,1,1,1,NA,NA,NA,NA,NA,NA,NA,NA,1,NA,NA,NA,1,NA,NA,NA,NA,NA,1,1
134169,14257,Hotel,Ramada Los Angeles / Downtown West,2003,-118.27766418457031,34.0511474609375,1,2,1,1,NA,NA,NA,NA,NA,1,NA,NA,NA,NA,NA,1,1,NA,NA,1,NA,1,1,1
164779,27561,Hotel,Amstel Botel,3414,4.889459133148193,52.40069580078125,1,5,6,1,NA,NA,NA,NA,NA,NA,NA,NA,NA,NA,NA,NA,NA,NA,NA,NA,NA,NA,1,1
2073951,31497,Hostel,Dragon Hostel Hong Kong,4276,114.1707534790039,22.319961547851562,3,1,1,NA,NA,NA,NA,NA,NA,NA,NA,NA,NA,NA,NA,NA,NA,NA,NA,NA,NA,NA,1,1
4508675,27561,Inn,Mosaic City Centre,1592,4.874014854431152,52.36428451538086,2,1,1,1,NA,NA,NA,NA,NA,NA,NA,NA,NA,NA,NA,NA,NA,NA,NA,NA,NA,NA,1,1
11940539,14257,Home / Apartment,Boutique Hollywood,6520,-118.3016586303711,34.09626770019531,3,1,1,NA,NA,NA,NA,NA,NA,NA,NA,NA,NA,NA,NA,NA,NA,NA,NA,NA,NA,NA,NA,NA
211627,27561,Hotel,Rokin,161,4.892996788024902,52.37023162841797,3,1,1,NA,NA,NA,NA,NA,NA,NA,NA,NA,NA,NA,NA,NA,NA,NA,NA,NA,NA,NA,NA,1
219659,14121,Hotel,Telioni Hotel,1109,22.938907623291016,40.64268112182617,2,1,1,1,NA,NA,NA,NA,NA,NA,NA,NA,NA,NA,NA,1,1,NA,1,1,NA,1,1,1
3158473,14121,Hotel,Olympic Bibis,107,22.94734001159668,40.63404846191406,3,1,1,1,NA,NA,NA,NA,NA,NA,NA,NA,NA,NA,NA,NA,NA,NA,NA,NA,NA,NA,1,1
3529197,14121,Hotel,Andromeda Hotel,574,22.939483642578125,40.633270263671875,4,1,1,1,NA,NA,1,NA,NA,NA,1,NA,NA,NA,NA,1,1,1,NA,NA,NA,1,1,1
3660849,14121,Hotel,Esperia,615,22.943397521972656,40.63948059082031,4,1,1,NA,NA,NA,NA,NA,NA,NA,NA,NA,NA,NA,NA,NA,NA,NA,NA,NA,NA,NA,1,1
4759671,31497,Hotel,Wanchai 88 Hotel,1502,114.1750717163086,22.27732276916504,4,1,1,NA,NA,NA,NA,NA,NA,NA,NA,NA,NA,NA,NA,NA,1,NA,NA,NA,NA,NA,1,1
5106419,31497,Hotel,Lander Prince Edward,4919,114.16427612304688,22.326629638671875,1,1,1,0,NA,NA,NA,NA,NA,NA,NA,NA,NA,NA,NA,NA,NA,NA,NA,NA,NA,NA,0,0
33267,31497,Hotel,InterContinental Hotels Hong Kong,1774,114.1740951538086,22.293420791625977,5,2,2,0,NA,NA,NA,NA,NA,1,NA,NA,NA,NA,NA,NA,1,NA,NA,NA,NA,NA,1,NA
33271,31497,Hotel,Grand Hyatt Hong Kong,1085,114.17202758789062,22.281204223632812,5,2,1,1,NA,NA,NA,1,NA,1,NA,NA,NA,NA,NA,NA,1,1,NA,1,NA,NA,1,1
66003,14121,Hotel,The Tobacco Hotel,1067,22.939577102661133,40.64255905151367,3,1,1,1,NA,NA,NA,NA,NA,NA,NA,NA,NA,NA,NA,NA,1,NA,1,NA,1,NA,1,1
77717,14121,Hotel,Lazart Hotel,2872,22.932790756225586,40.65811538696289,5,1,1,1,NA,NA,NA,1,NA,NA,1,NA,NA,NA,NA,1,1,1,1,NA,1,1,1,1
77723,14121,Hotel,Grand Hotel Palace,3997,22.906301498413086,40.65380859375,4,1,1,1,NA,NA,NA,NA,NA,1,NA,NA,NA,NA,NA,NA,1,NA,NA,1,NA,NA,1,1
77749,14121,Hotel,Hotel Abc,741,22.95330047607422,40.63050079345703,2,1,1,0,NA,NA,NA,NA,NA,NA,NA,NA,NA,NA,NA,NA,NA,NA,NA,NA,NA,NA,1,1
84177,27561,Hotel,Sofitel Legend the Grand Amsterdam,107,4.895458221435547,52.37116241455078,5,5,3,1,NA,NA,NA,1,NA,1,NA,NA,NA,NA,NA,NA,1,1,NA,1,1,NA,1,1
84203,27561,Hotel,American Hotel Amsterdam,1206,4.880990982055664,52.36383056640625,4,4,2,1,NA,NA,NA,1,NA,NA,NA,NA,NA,NA,NA,NA,NA,1,NA,1,1,1,1,1
84219,27561,Hotel,NH Amsterdam Caransa,498,4.896699905395508,52.36579895019531,3,5,1,1,NA,NA,NA,NA,NA,NA,NA,NA,NA,NA,1,NA,NA,NA,NA,NA,NA,NA,1,1
84273,27561,Hotel,Pulitzer Amsterdam,73624,4,52,5,5,2,1,NA,1,NA,1,NA,NA,NA,NA,NA,NA,NA,NA,1,1,NA,NA,1,1,1,1
84347,27561,Hotel,Singel,855,4.893400192260742,52.37779998779297,3,1,1,1,NA,NA,NA,NA,NA,NA,NA,NA,NA,NA,NA,NA,NA,NA,NA,NA,NA,NA,1,1
84551,27561,Hotel,Holiday Inn Amsterdam,3920,4.888535022735596,52.3351936340332,3,6,4,1,NA,NA,NA,NA,NA,1,NA,NA,NA,NA,NA,NA,1,NA,NA,1,NA,NA,1,1
108281,31497,Hotel,Novotel Hong Kong Century,1563,114.17625427246094,22.278873443603516,3,2,2,1,NA,NA,NA,NA,NA,1,NA,NA,1,NA,NA,1,1,NA,NA,1,1,NA,1,1
108369,31497,Hotel,The Empire Hotel Kowloon,2510,114.17500305175781,22.301300048828125,3,1,1,1,NA,NA,NA,NA,NA,NA,NA,NA,NA,NA,NA,NA,1,1,NA,NA,NA,NA,1,1
134153,14257,Hotel,Luxe Sunset Boulevard Hotel,19723,-118.4685287475586,34.072540283203125,4,2,3,1,NA,1,NA,NA,NA,1,1,NA,NA,NA,NA,NA,1,1,NA,NA,NA,NA,1,1
15857,14257,Hotel,Comfort Inn Near Old Town Pasadena,10416,-118.21688842773438,34.13943099975586,4,1,1,1,NA,NA,NA,NA,NA,NA,0,NA,NA,NA,1,NA,1,NA,1,NA,NA,NA,1,1
15889,14257,Hotel,Luxe City Center Hotel,1100,-118.26409912109375,34.0443000793457,4,2,2,1,NA,NA,NA,NA,NA,NA,1,NA,NA,NA,NA,NA,1,NA,NA,1,NA,NA,1,1
15907,14257,Hotel,Radisson Hotel Los Angeles Midtown At Usc,4265,-118.28089904785156,34.01921844482422,3,1,1,1,NA,NA,NA,NA,NA,1,NA,NA,NA,NA,NA,NA,1,NA,NA,NA,NA,NA,1,1
15913,14257,Hotel,Sheraton Gateway Los Angeles Hotel,17086,-118.39089965820312,33.94620132446289,4,2,3,1,NA,NA,NA,NA,NA,1,NA,NA,NA,NA,NA,NA,1,NA,NA,1,NA,NA,1,1
30919,27561,Hotel,Hotel Okura Amsterdam,2386,4.893883228302002,52.34876251220703,5,8,4,1,NA,NA,NA,1,NA,1,NA,NA,NA,NA,NA,0,1,1,NA,1,0,1,1,1
32493,27561,Hotel,Steigenberger Airport Hotel Amsterdam,8941,4.810932159423828,52.30851745605469,4,6,4,1,NA,NA,NA,NA,NA,1,NA,NA,1,NA,NA,NA,1,NA,NA,1,1,NA,1,1
77711,14121,Hotel,Makedonia Palace,1872,22.952991485595703,40.61834716796875,5,2,2,1,NA,NA,NA,1,0,1,NA,NA,1,NA,NA,1,1,1,1,1,1,1,1,1
77753,14121,Hotel,Hotel Olympia Thessaloniki,508,22.94515037536621,40.63886642456055,4,1,1,1,NA,NA,NA,NA,NA,1,NA,NA,NA,NA,NA,NA,1,NA,1,1,1,NA,1,1
84167,27561,Hotel,NH Collection Amsterdam Barbizon Palace,769,4.900360107421875,52.37641143798828,3,7,4,1,NA,NA,NA,1,NA,1,NA,NA,NA,NA,1,0,1,1,1,1,1,1,1,1
84331,27561,Hotel,Novotel Amsterdam City,4096,4.888967037200928,52.33357620239258,4,8,8,1,NA,NA,NA,NA,NA,1,NA,NA,1,NA,NA,NA,1,NA,NA,NA,1,NA,1,1
84553,27561,Hotel,Amsterdam De Roode Leeuw,408,4.89359188079834,52.37370681762695,3,5,2,1,NA,NA,NA,NA,NA,NA,NA,NA,NA,NA,NA,1,1,NA,NA,NA,0,1,1,1
84555,27561,Hotel,West Side Inn Amsterdam,4303,4.842651844024658,52.34872817993164,1,8,10,1,NA,NA,NA,NA,NA,NA,NA,NA,NA,NA,NA,NA,NA,NA,NA,1,NA,1,1,1
108263,31497,Hotel,Holiday Inn Golden Mile Hong Kong,1972,114.17269897460938,22.296899795532227,4,2,1,1,NA,NA,NA,NA,NA,1,NA,NA,1,NA,NA,NA,1,NA,NA,1,NA,NA,1,1
123507,14257,Hotel,Crowne Plaza Los Angeles Airport,16969,-118.38909149169922,33.9461555480957,3,2,3,1,NA,1,NA,NA,NA,NA,NA,NA,1,NA,1,NA,1,NA,1,1,1,1,1,1
134171,14257,Hotel,Hollywood Hotel,5632,-118.29120635986328,34.0928840637207,2,3,4,1,NA,1,NA,1,NA,1,NA,NA,NA,NA,1,0,1,1,NA,1,0,1,1,1
138439,14257,Hotel,Carlyle Inn,11811,-118.38398742675781,34.05655288696289,3,1,1,1,NA,NA,NA,NA,NA,NA,NA,NA,NA,NA,NA,NA,NA,NA,NA,NA,NA,NA,1,1
1941297,14121,Hotel,Sun Beach Hotel & Conference Centre,15980,22.88210105895996,40.4991340637207,2,1,1,NA,NA,NA,NA,NA,NA,1,NA,NA,NA,NA,NA,NA,1,NA,NA,1,NA,NA,1,1
475271,31497,Hotel,Courtyard Hong Kong,2412,114.13892364501953,22.288084030151367,4,1,1,1,NA,NA,NA,NA,NA,NA,NA,NA,1,NA,NA,NA,1,NA,NA,1,NA,NA,1,1
713931,14257,Hotel,Hollywood Inn Express South,2159,-118.26984405517578,34.067134857177734,1,1,1,1,NA,NA,NA,NA,NA,NA,NA,NA,NA,NA,NA,NA,1,NA,NA,NA,1,NA,1,1
776361,14257,Motel,Royal Pagoda Motel,2475,-118.23625183105469,34.06666564941406,2,1,1,1,NA,NA,NA,NA,NA,NA,NA,NA,NA,NA,NA,NA,NA,NA,NA,NA,NA,NA,1,1
793951,31497,Hotel,Royal View,12894,114.07788848876953,22.368799209594727,3,2,3,1,NA,NA,NA,NA,1,NA,NA,NA,NA,NA,NA,NA,1,1,NA,1,NA,NA,1,1
16531879,14121,Home / Apartment,Home Katerina,21702,22.690296173095703,40.614768981933594,NA,1,1,NA,NA,NA,NA,NA,NA,NA,NA,NA,NA,NA,NA,NA,NA,NA,NA,NA,NA,NA,NA,NA
16404427,14121,Home / Apartment,Alcyone Apartments,610,22.951091766357422,40.63036346435547,NA,1,1,NA,NA,NA,NA,NA,NA,NA,NA,NA,NA,NA,NA,NA,NA,NA,NA,NA,NA,NA,NA,NA
6278979,31497,Hostel,Pandas Hostel Star Ferry,2223,114.17529296875,22.297903060913086,1,1,1,NA,NA,NA,NA,NA,NA,NA,NA,NA,NA,NA,NA,NA,1,NA,1,NA,1,NA,1,1
6286131,14257,Hotel,Residence Inn Los Angeles LAX/Century Boulevard,16806,-118.38716125488281,33.94660949707031,5,1,2,1,NA,NA,NA,NA,NA,NA,NA,NA,1,NA,NA,NA,1,NA,NA,NA,NA,NA,1,1
195853,27561,Hotel,Quentin England hotel,1575,4.877081871032715,52.36147689819336,1,3,2,NA,NA,NA,NA,NA,NA,NA,NA,NA,NA,NA,NA,NA,NA,NA,NA,NA,NA,NA,NA,NA
198849,31497,Hotel,Regal Oriental,6192,114.19304656982422,22.329917907714844,3,3,2,1,NA,NA,NA,NA,NA,1,NA,NA,NA,NA,NA,NA,1,1,1,1,1,NA,1,1
201225,27561,Hotel,Delta Hotel,567,4.895599842071533,52.375301361083984,1,4,2,1,NA,NA,NA,NA,NA,NA,NA,NA,NA,NA,NA,NA,NA,NA,NA,NA,NA,NA,NA,NA
201609,14121,Hotel,Egnatia Hotel,803,22.93966293334961,40.6396484375,3,1,1,1,NA,NA,NA,NA,NA,NA,NA,NA,NA,NA,NA,NA,1,NA,NA,NA,NA,NA,1,1
211831,27561,Hotel,BackStage Hotel,1151,4.8802690505981445,52.3654899597168,3,1,1,1,NA,NA,1,NA,NA,NA,NA,NA,NA,NA,NA,1,NA,NA,NA,1,NA,NA,1,1
213183,27561,Hotel,Max Brown Hotel Canal District,992,4.892222881317139,52.37891387939453,4,3,1,1,NA,NA,NA,NA,NA,NA,NA,NA,NA,NA,NA,NA,NA,NA,NA,NA,NA,NA,1,1
198811,31497,Hotel,Dorsett Wanchai,1794,114.17674255371094,22.274513244628906,4,2,2,1,NA,NA,NA,NA,NA,1,NA,NA,NA,NA,NA,NA,1,1,1,1,1,NA,1,1
198815,31497,Hotel,Harbour Plaza North Point,4958,114.2087631225586,22.29146957397461,3,3,3,1,NA,NA,NA,NA,NA,1,NA,NA,NA,NA,NA,NA,1,1,NA,1,NA,NA,1,1
198817,31497,Resort,Harbour Plaza Resort City,25472,114.00293731689453,22.458410263061523,4,1,3,1,NA,NA,NA,NA,NA,1,NA,NA,1,NA,NA,NA,1,NA,NA,1,1,NA,1,1
198835,31497,Hotel,Prince Marco Polo Hotel,1984,114.16828155517578,22.2991886138916,5,2,1,1,NA,NA,NA,NA,NA,1,NA,NA,NA,NA,NA,NA,1,NA,NA,1,NA,NA,1,1
198843,31497,Hotel,Regal Airport Hotel,23725,113.93431854248047,22.318790435791016,3,2,1,1,NA,NA,NA,NA,NA,1,NA,NA,1,NA,1,NA,1,1,1,1,1,NA,1,1
198863,31497,Hotel,Cheung Chau Warwick,15690,114.0322494506836,22.207740783691406,1,1,1,NA,NA,NA,NA,NA,1,NA,NA,NA,NA,NA,NA,NA,1,1,1,1,1,1,1,1
201215,27561,Hotel,ibis Styles Amsterdam Central Station,885,4.896461009979248,52.37812805175781,3,2,2,0,NA,NA,NA,NA,NA,NA,NA,NA,NA,NA,NA,NA,NA,NA,NA,NA,NA,NA,1,1
201611,14121,Hotel,Egnatia Palace,102,22.94596290588379,40.63526153564453,3,1,1,1,NA,NA,NA,NA,NA,1,1,NA,NA,NA,NA,0,1,1,1,1,0,NA,1,1
2147687,27561,Hotel,Rembrandt Square,511,4.8964009284973145,52.36565399169922,2,1,1,1,NA,NA,NA,NA,NA,NA,NA,NA,NA,NA,NA,1,NA,NA,NA,1,NA,1,1,1
2333371,31497,Hotel,Silka West Kowloon,4246,114.16266632080078,22.320632934570312,2,1,1,NA,NA,NA,NA,NA,NA,NA,NA,NA,NA,NA,NA,NA,NA,NA,NA,1,1,NA,1,1
4555919,31497,Hotel,Holiday Inn Express Hong Kong Soho,1145,114.15088653564453,22.28533935546875,4,2,2,0,NA,NA,NA,NA,NA,NA,NA,NA,1,NA,1,NA,1,1,NA,1,NA,NA,1,1
6735967,31497,Hotel,iclub Fortress Hill,3192,114.19215393066406,22.287256240844727,3,2,2,NA,NA,NA,NA,NA,NA,NA,NA,NA,0,NA,NA,NA,1,1,0,NA,1,NA,1,1
6777649,27561,Home / Apartment,The Grand Canal House,918,4.886270046234131,52.37630844116211,5,1,1,NA,NA,NA,NA,NA,NA,NA,NA,NA,NA,NA,NA,NA,NA,NA,NA,NA,1,NA,1,NA
2609635,14121,Hotel,Nouvelle,651,22.944419860839844,40.64006423950195,3,1,1,1,NA,NA,1,NA,NA,NA,1,1,1,NA,NA,1,NA,1,NA,NA,NA,NA,1,1
3697937,14257,Hotel,Trylon,9189,-118.33145904541016,34.105506896972656,2,1,1,1,NA,NA,NA,NA,NA,NA,NA,NA,NA,NA,NA,NA,NA,NA,NA,NA,NA,NA,1,1
2409455,31497,Hotel,Harbour Grand Hong Kong,3175,114.19161224365234,22.288976669311523,4,3,2,1,NA,NA,NA,1,NA,1,NA,NA,NA,NA,NA,NA,1,NA,1,1,1,NA,1,1
2409983,14121,Hotel,Atlantis Hotel,883,22.937721252441406,40.639068603515625,2,1,1,1,NA,NA,NA,NA,NA,NA,NA,NA,NA,NA,NA,1,NA,NA,NA,NA,NA,1,1,1
2706659,31497,Hotel,Noah's Ark,12622,114.06161499023438,22.348295211791992,3,1,1,NA,NA,NA,NA,NA,NA,NA,NA,NA,NA,NA,NA,NA,NA,1,NA,NA,1,NA,1,1
2736275,31497,Hotel,Mini Hotel Central,581,114.15634155273438,22.280488967895508,1,1,2,NA,NA,NA,NA,NA,0,NA,NA,NA,NA,NA,NA,NA,1,NA,NA,NA,NA,NA,1,1
2978253,27561,Serviced Apartment,Htel Amsterdam - Buitenveldert,5001,4.87194299697876,52.32756042480469,5,1,1,1,NA,NA,NA,NA,NA,1,NA,NA,1,NA,NA,NA,1,NA,1,1,1,1,1,1
3106313,14121,Hotel,Ilisia,792,22.93864631652832,40.63865280151367,2,1,1,1,NA,NA,NA,NA,NA,NA,NA,NA,NA,NA,NA,NA,NA,NA,NA,NA,NA,1,1,1
2210179,14121,Hotel,Amalia,391,22.9417781829834,40.63554382324219,3,1,1,1,NA,NA,NA,NA,NA,NA,NA,NA,NA,NA,NA,NA,NA,NA,NA,NA,NA,NA,1,1
260549,27561,Hotel,Agora,532,4.888938903808594,52.36746597290039,1,1,1,1,NA,NA,NA,NA,NA,NA,NA,NA,NA,NA,NA,1,NA,NA,NA,NA,NA,1,1,1
296075,31497,Hotel,L'Hotel Causeway Bay Harbour View,3214,114.19279479980469,22.283239364624023,4,1,1,1,NA,NA,NA,NA,NA,NA,NA,NA,NA,NA,NA,NA,1,NA,NA,1,NA,NA,1,1
298287,14257,Hotel,Avenue Hotel,4372,-118.29190826416016,34.0771598815918,1,1,1,1,NA,NA,NA,NA,NA,NA,NA,NA,NA,NA,NA,NA,NA,NA,NA,NA,NA,NA,1,1
298299,14257,Hotel,Kimpton Hotel Palomar Beverly Hills,16729,-118.43721771240234,34.06013488769531,5,2,1,1,NA,1,NA,NA,NA,1,NA,NA,NA,NA,1,NA,1,1,NA,1,1,1,1,1
303625,27561,Bed & Breakfast,Nemo Apartments & Guest House,766,4.90543794631958,52.373294830322266,3,1,1,NA,NA,NA,NA,NA,NA,NA,NA,NA,NA,NA,NA,NA,NA,NA,1,NA,NA,1,NA,1
683911,14121,Hotel,Rotonda Hotel Thessaloniki,2144,22.92537498474121,40.645477294921875,3,1,2,1,NA,NA,NA,NA,NA,NA,NA,NA,NA,NA,NA,0,1,NA,1,1,1,NA,1,1
716131,14257,Hotel,O Hotel,675,-118.2607192993164,34.04691696166992,2,1,1,1,NA,1,NA,NA,NA,1,1,NA,NA,NA,NA,NA,1,NA,NA,NA,NA,1,1,1
1384501,31497,Hotel,The South China,3922,114.1982192993164,22.292144775390625,2,1,2,1,NA,NA,NA,NA,NA,NA,NA,NA,NA,NA,NA,NA,NA,NA,NA,NA,1,NA,1,1
1791117,27561,Bed & Breakfast,The Crown,603,4.899899959564209,52.37486267089844,1,1,2,NA,NA,NA,NA,NA,NA,NA,NA,NA,NA,NA,NA,NA,NA,NA,NA,NA,NA,NA,1,1
1849309,27561,Hotel,Maxime Boutique,1452,4.881388187408447,52.36031723022461,1,1,1,NA,NA,1,NA,NA,NA,NA,NA,NA,NA,NA,NA,NA,NA,NA,NA,NA,NA,1,NA,NA
219663,14121,Hotel,Hotel Luxembourg,560,22.9396915435791,40.6331787109375,2,1,1,1,NA,NA,NA,NA,NA,NA,NA,NA,NA,NA,NA,NA,1,NA,1,NA,1,NA,1,1
6970799,14121,Serviced Apartment,Kripis Studio Thessaloniki ,1045,22.95587158203125,40.64016342163086,5,1,1,1,NA,NA,NA,NA,NA,NA,NA,NA,NA,NA,NA,1,NA,NA,NA,NA,NA,NA,1,1
7001639,27561,Home / Apartment,Vondelgarden Apartments,2768,4.8600239753723145,52.35778045654297,3,1,1,NA,NA,NA,NA,NA,NA,NA,NA,NA,NA,NA,NA,NA,NA,NA,NA,NA,1,NA,1,1
7039947,14121,Hotel,Diamond Suites,817,22.936479568481445,40.63481903076172,4,1,1,NA,NA,NA,NA,NA,NA,NA,NA,NA,NA,NA,NA,1,NA,NA,NA,NA,NA,0,1,1
15853,14257,Hotel,Best Western Plus Sunset Plaza Hotel,11790,-118.37265014648438,34.09504699707031,4,2,1,1,NA,NA,NA,NA,NA,1,NA,NA,NA,NA,NA,NA,1,NA,NA,NA,NA,NA,1,1
31959,27561,Hotel,NH Collection Krasnapolsky,451,4.892094135284424,52.37373733520508,4,10,5,1,NA,1,1,1,NA,1,NA,NA,NA,NA,1,NA,1,1,1,1,1,1,1,1
66015,14121,Hotel,Vergina Hotel,1397,22.932605743408203,40.64159393310547,1,1,1,1,NA,NA,NA,NA,NA,NA,NA,NA,NA,NA,NA,NA,1,NA,1,1,1,1,1,1
77719,14121,Hotel,Minerva Premier,704,22.93950080871582,40.63819885253906,1,1,1,1,NA,NA,NA,NA,NA,NA,NA,NA,NA,NA,NA,1,1,NA,1,NA,NA,NA,1,1
77721,14121,Hotel,Holiday Inn Thessaloniki,1321,22.93353843688965,40.64141082763672,2,1,1,1,NA,NA,NA,NA,NA,NA,NA,NA,NA,NA,NA,NA,1,NA,NA,NA,NA,NA,1,1
77741,14121,Hotel,The Bristol Hotel,730,22.93748664855957,40.63444137573242,5,1,1,1,NA,NA,NA,NA,NA,NA,NA,NA,NA,NA,NA,NA,1,1,1,NA,1,NA,1,1
84193,27561,Hotel,The Alfred Hotel,2434,4.87212610244751,52.35353469848633,2,3,3,1,NA,1,NA,NA,NA,NA,NA,NA,NA,NA,NA,NA,1,1,1,1,1,1,1,1
84259,27561,Hotel,Mercure Hotel Amsterdam Centre Canal District,1019,4.893599987030029,52.36109924316406,4,2,2,1,NA,NA,NA,NA,NA,NA,NA,NA,NA,NA,NA,NA,1,NA,NA,NA,1,NA,1,1
108209,31497,Hotel,Royal Plaza,4776,114.17296600341797,22.324094772338867,5,3,4,1,NA,NA,NA,NA,NA,NA,NA,NA,NA,NA,NA,NA,1,NA,NA,1,NA,NA,1,1
108465,31497,Hotel,City Garden Hotel,3461,114.19412994384766,22.290279388427734,4,2,2,NA,NA,NA,NA,NA,NA,1,NA,NA,NA,NA,NA,NA,1,1,1,1,1,NA,1,1
108479,31497,Hotel,The Royal Pacific Hotel & Towers,2041,114.1675033569336,22.299970626831055,4,2,1,1,NA,NA,NA,NA,NA,NA,NA,NA,1,NA,NA,NA,1,NA,NA,NA,1,NA,1,1
108489,31497,Hotel,Bishop Lei International House,947,114.15338897705078,22.278553009033203,3,1,2,1,NA,NA,NA,NA,NA,NA,NA,NA,NA,NA,NA,1,1,1,1,1,NA,NA,1,1
108755,31497,Hotel,Nathan Hotel,2973,114.17140197753906,22.307600021362305,4,2,1,1,NA,NA,NA,NA,NA,NA,NA,NA,NA,1,NA,NA,1,NA,1,1,NA,NA,1,1
15681227,14257,Hotel,Center Lake,1770,-118.27079772949219,34.061588287353516,3,1,1,NA,NA,NA,NA,NA,NA,NA,NA,NA,NA,NA,NA,NA,NA,NA,NA,NA,NA,NA,NA,NA
15806779,14257,Home / Apartment,Beautifull Studio Close To Hollywood,5182,-118.29572296142578,34.084449768066406,5,1,1,1,NA,NA,NA,NA,NA,NA,NA,NA,NA,NA,NA,NA,NA,NA,NA,NA,NA,NA,NA,NA
16497163,14121,Hostel,Stay Hybrid Hostel,630,22.94223976135254,40.63918685913086,NA,1,1,NA,NA,NA,NA,NA,NA,NA,NA,NA,NA,NA,NA,NA,NA,NA,NA,NA,NA,NA,NA,NA
16618311,14257,Hotel,Universal Inn,13985,-118.36576843261719,34.13837814331055,1,1,1,NA,NA,NA,NA,NA,NA,NA,NA,NA,NA,NA,NA,NA,NA,NA,NA,NA,NA,NA,NA,NA
6368859,31497,Hotel,Days Hk,2526,114.17459869384766,22.30171012878418,1,1,1,NA,NA,NA,NA,NA,NA,NA,NA,NA,NA,NA,NA,NA,NA,NA,NA,NA,1,NA,1,1
1980949,31497,Hotel,Mexan Harbour,8579,114.11061096191406,22.343530654907227,1,1,3,1,NA,NA,NA,NA,NA,NA,NA,NA,NA,NA,NA,NA,1,NA,1,1,1,NA,1,1
4416963,31497,Hotel,M1 Yau Ma Tei  ,3458,114.17033386230469,22.312480926513672,2,1,1,NA,NA,NA,NA,NA,NA,NA,NA,NA,NA,NA,NA,NA,NA,NA,NA,NA,NA,NA,1,1
16227027,14121,Hotel,Studios Kapsalas Thessaloniki,1029,22.942577362060547,40.64320755004883,NA,1,1,1,NA,NA,NA,NA,NA,NA,NA,NA,NA,NA,1,NA,NA,NA,NA,NA,NA,NA,1,1
4128015,14121,Hotel,Europa,811,22.938241958618164,40.63851547241211,1,1,1,NA,NA,NA,NA,NA,NA,NA,NA,NA,NA,NA,NA,NA,NA,NA,NA,NA,1,NA,1,1
4175435,31497,Hotel,Delta,1934,114.17281341552734,22.29639434814453,1,1,1,NA,NA,NA,NA,NA,NA,NA,NA,NA,NA,NA,NA,NA,NA,NA,1,NA,1,NA,1,1
7052691,27561,Hotel, Canal House Suites at Sofitel Legend The Grand Amsterdam Hotel,92,4.895358085632324,52.37102508544922,4,1,1,1,NA,NA,NA,1,NA,1,1,NA,NA,NA,NA,NA,1,1,NA,1,1,NA,1,1
4021621,14121,Serviced Apartment,Colors Budget Luxury,768,22.93865966796875,40.6382942199707,3,1,1,1,NA,NA,NA,NA,NA,NA,NA,NA,NA,NA,NA,NA,NA,NA,NA,1,NA,1,1,1
4328919,27561,Hotel,Ramada Apollo Amsterdam Centre,3495,4.843999862670898,52.368133544921875,4,8,4,1,NA,NA,NA,NA,NA,1,NA,NA,1,NA,NA,NA,1,0,NA,1,NA,1,1,1
3435317,27561,Home / Apartment,Westerstraat Apt,1285,4.881810188293457,52.378265380859375,NA,1,1,NA,NA,NA,NA,NA,NA,NA,NA,NA,NA,NA,NA,NA,NA,NA,NA,NA,NA,NA,NA,NA
3435425,27561,Bed & Breakfast,Hotelboat Angeline,1105,4.9105401039123535,52.3737907409668,4,1,1,1,NA,NA,NA,NA,NA,NA,NA,NA,NA,NA,NA,NA,NA,NA,NA,NA,NA,NA,1,1
3525457,27561,Hotel,The Manor Amsterdam,2434,4.926273822784424,52.35912322998047,4,4,2,1,NA,NA,NA,1,NA,1,NA,NA,NA,NA,NA,NA,1,1,NA,1,NA,1,1,1
3652209,14121,Hotel,Ilios,827,22.938480377197266,40.63899612426758,2,1,1,NA,NA,NA,NA,NA,NA,NA,NA,NA,NA,NA,NA,1,1,NA,1,NA,1,NA,1,1
9783619,27561,Hotel,Library Amsterdam,829,4.906507968902588,52.37324523925781,1,3,1,NA,NA,NA,NA,NA,NA,NA,NA,NA,NA,NA,NA,NA,NA,NA,NA,NA,1,NA,1,1
10324839,31497,Hostel,Kabayan Hostel,1903,114.17230987548828,22.296390533447266,3,1,1,NA,NA,NA,NA,NA,NA,NA,NA,NA,NA,NA,NA,NA,NA,NA,NA,NA,NA,NA,1,1
11430535,14257,Hotel,Tuscan Garden Inn,2370,-118.28164672851562,34.05173873901367,2,1,1,1,NA,NA,NA,NA,NA,NA,NA,NA,NA,NA,NA,NA,1,NA,NA,NA,NA,NA,1,NA
9493379,31497,Hotel,Ukkei Inn,3411,114.17071533203125,22.311948776245117,3,1,1,0,NA,NA,NA,NA,NA,NA,NA,NA,NA,NA,1,NA,1,NA,1,NA,1,NA,1,1
10123143,14257,Hotel,American,1945,-118.23634338378906,34.04499053955078,NA,1,1,0,0,0,0,0,0,0,0,0,0,NA,0,NA,NA,NA,NA,NA,0,NA,1,1
5290339,31497,Hotel,Silverview Resort,17062,113.99677276611328,22.265472412109375,1,1,1,NA,NA,NA,NA,NA,NA,NA,NA,NA,NA,NA,NA,NA,NA,NA,1,NA,1,NA,NA,1
16518003,14121,Home / Apartment,Dimitris House 2,1953,22.95935821533203,40.619937896728516,NA,1,1,NA,NA,NA,NA,NA,NA,NA,NA,NA,NA,NA,NA,NA,NA,NA,NA,NA,NA,NA,NA,NA
7166887,27561,Hotel,a&o Amsterdam Zuidoost,7938,4.949687957763672,52.3069953918457,2,8,7,1,NA,NA,NA,NA,NA,NA,NA,NA,NA,NA,NA,1,1,NA,NA,1,1,1,1,1
5239575,27561,Hotel,Park Inn by Radisson Amsterdam City West,4280,4.841022968292236,52.38973617553711,NA,1,1,1,NA,NA,NA,NA,NA,1,NA,NA,NA,NA,NA,NA,1,NA,NA,1,NA,NA,1,1
8131423,31497,Inn,Prestige Guesthouse,1934,114.17281341552734,22.29639434814453,2,1,1,NA,NA,NA,NA,NA,NA,NA,NA,NA,NA,NA,NA,NA,NA,NA,NA,NA,NA,NA,1,1
8165919,27561,Hotel,Boutique Hotel La Belle Vue,732,4.886035919189453,52.373504638671875,1,1,1,0,NA,NA,NA,NA,NA,NA,NA,NA,NA,NA,NA,NA,NA,NA,NA,NA,NA,1,1,1
8691411,27561,Hotel,OZO Hotel Amsterdam,8098,4.947687149047852,52.30476760864258,3,7,5,1,NA,NA,NA,NA,NA,1,NA,NA,NA,NA,NA,NA,1,1,1,NA,1,NA,1,1
8974499,14257,Hotel,Aventura,3836,-118.29756164550781,34.05204391479492,4,1,1,1,0,0,0,0,0,0,0,0,0,NA,0,NA,1,NA,NA,NA,0,NA,1,1
12203483,14257,Hotel,Hampton Inn & Suites Lax El Segundo,18779,-118.39539337158203,33.92843246459961,5,1,1,NA,NA,NA,NA,NA,NA,NA,NA,NA,NA,NA,NA,NA,NA,NA,NA,NA,NA,NA,NA,NA
12235639,14121,Hotel,Bluewave.place Thessaloniki,794,22.940631866455078,40.64015197753906,NA,1,1,NA,NA,NA,NA,NA,NA,NA,NA,NA,NA,NA,NA,NA,NA,NA,NA,NA,NA,NA,NA,NA
10395495,14121,Serviced Apartment,Polis Apartments,978,22.93779945373535,40.640464782714844,5,1,1,1,NA,NA,NA,NA,NA,NA,NA,NA,NA,NA,NA,1,1,NA,NA,NA,NA,NA,1,1
7617279,31497,Hostel,Tai Hao,4271,114.17073059082031,22.319921493530273,2,1,1,NA,NA,NA,NA,NA,NA,NA,NA,NA,NA,NA,NA,NA,NA,NA,1,NA,1,NA,1,1
7618111,14257,Serviced Apartment,Hollywood Boulevard Studio Apartment,8999,-118.33229064941406,34.10200500488281,3,1,1,1,0,0,1,0,0,0,0,0,0,NA,0,NA,NA,NA,NA,NA,1,NA,1,1
8360331,27561,Hotel,Amsterdam Teleport Hotel,4552,4.833139896392822,52.385459899902344,4,4,4,1,NA,NA,NA,NA,NA,NA,NA,NA,1,NA,NA,1,NA,NA,NA,NA,NA,1,1,1
8771563,31497,Hotel,M1 North Point,3883,114.1981201171875,22.291147232055664,2,1,1,NA,NA,NA,NA,NA,NA,NA,NA,NA,NA,NA,NA,NA,1,1,1,1,1,NA,1,1
8830443,31497,Hotel,Kowloon Harbourfront  ,4423,114.17960357666016,22.318567276000977,3,2,2,0,0,0,0,0,0,0,0,0,0,NA,0,NA,1,1,1,1,1,NA,1,1
9455027,14257,Motel,Ramona Motel,7488,-118.33104705810547,34.02582931518555,1,1,1,1,0,0,0,0,0,0,0,0,0,NA,0,NA,NA,NA,NA,NA,0,NA,1,1
8175787,14121,Hostel,Crossroads,1321,22.959823608398438,40.6401252746582,5,1,1,1,NA,NA,NA,NA,NA,NA,NA,NA,NA,NA,1,NA,NA,NA,NA,NA,NA,NA,1,1
280397,14257,Hotel,La Quinta Inn & Suites LAX,15889,-118.37179565429688,33.94572448730469,2,2,2,1,NA,NA,NA,NA,NA,1,NA,NA,1,NA,NA,NA,1,NA,NA,1,NA,NA,1,1
298293,14257,Hotel,Knights Inn Los Angeles Central Convention Center Area,1635,-118.25373077392578,34.06610870361328,2,1,1,1,NA,NA,NA,NA,NA,NA,NA,NA,NA,NA,NA,NA,NA,NA,NA,NA,NA,NA,1,1
301603,14121,Hotel,Anatolia Hotel,1309,22.934972763061523,40.64253616333008,5,1,1,1,NA,NA,NA,NA,NA,NA,NA,NA,NA,NA,NA,1,1,NA,1,NA,1,1,1,1
683721,14121,Hotel,Daios Luxury Living,634,22.945568084716797,40.6286735534668,5,1,1,1,NA,NA,NA,1,0,NA,NA,NA,NA,NA,NA,NA,1,1,1,NA,1,NA,1,1
710561,14257,Hotel,Custom Hotel,18214,-118.41875457763672,33.95872116088867,1,2,2,NA,NA,NA,NA,NA,NA,NA,NA,NA,NA,NA,NA,NA,NA,NA,NA,NA,NA,NA,NA,NA
806191,14257,Serviced Apartment,Oakwood Toluca Hills,12709,-118.34066772460938,34.141727447509766,3,1,2,1,NA,NA,NA,NA,NA,NA,NA,NA,NA,NA,NA,NA,NA,NA,NA,NA,NA,NA,1,1
1234771,14257,Hotel,Beverly Hills Plaza Hotel & Spa,15748,-118.42579650878906,34.06745147705078,4,1,1,1,NA,NA,NA,NA,0,0,1,NA,NA,NA,NA,NA,1,1,1,1,NA,1,1,1
1384471,31497,Hotel,Kew Green Wanchai Hong Kong,1058,114.17054748535156,22.277830123901367,4,2,1,0,NA,NA,NA,NA,NA,NA,NA,NA,NA,NA,NA,NA,1,NA,NA,NA,NA,NA,1,1
1768177,31497,Hotel,Hong Kong SkyCity Marriott Hotel,22772,113.94387817382812,22.319530487060547,5,2,1,1,NA,NA,NA,NA,NA,1,NA,NA,NA,NA,NA,NA,1,NA,NA,1,NA,NA,1,1
1843825,27561,Hotel,XO Hotels Blue Square,5150,4.8207831382751465,52.37868118286133,2,5,3,1,NA,NA,NA,NA,NA,NA,NA,NA,NA,NA,NA,NA,1,1,NA,1,1,1,1,1
1862213,14121,Hotel,Zaliki Boutique Hotel,543,22.942462921142578,40.638362884521484,4,1,1,1,NA,NA,NA,NA,NA,NA,NA,NA,NA,NA,NA,1,1,NA,1,NA,0,1,1,1
1872745,14257,Hotel,Bevonshire Lodge,9535,-118.35504150390625,34.07625198364258,1,1,1,1,NA,NA,NA,NA,NA,NA,NA,NA,NA,NA,NA,NA,NA,NA,NA,NA,NA,NA,1,1
6734985,27561,Hotel,Crane Hotel Faralda Amsterdam,3246,4.894841194152832,52.39938735961914,3,1,1,1,NA,1,1,1,NA,1,NA,NA,NA,0,NA,1,1,NA,1,NA,1,1,1,1
198845,31497,Hotel,Regal Hongkong,2599,114.18659973144531,22.279300689697266,3,2,1,0,NA,NA,NA,1,NA,1,NA,NA,NA,NA,1,NA,1,1,1,1,1,NA,1,1
198847,31497,Hotel,Regal Kowloon,2491,114.17790222167969,22.298999786376953,4,3,2,1,NA,NA,NA,NA,NA,1,NA,NA,NA,NA,NA,NA,1,1,1,1,1,NA,1,1
198851,31497,Hotel,Regal Riverside Hotel,11690,114.19650268554688,22.38249969482422,3,2,2,1,NA,NA,NA,NA,NA,1,NA,NA,NA,NA,NA,NA,1,1,1,1,1,NA,1,1
15875,14257,Hotel,Four Points by Sheraton Los Angeles International Airport,16582,-118.38529968261719,33.947898864746094,2,2,2,1,NA,NA,NA,NA,NA,1,NA,NA,NA,NA,NA,NA,1,NA,NA,1,NA,NA,1,1
15903,14257,Hotel,Omni Los Angeles Hotel at California Plaza,503,-118.25054931640625,34.052276611328125,5,2,2,1,NA,NA,NA,NA,NA,1,1,NA,NA,NA,NA,NA,1,1,NA,1,NA,NA,1,1
15909,14257,Hotel,Holiday Inn Express & Suites Los Angeles Downtown West,1866,-118.27420806884766,34.058746337890625,3,1,1,1,NA,NA,NA,NA,NA,NA,NA,NA,NA,NA,NA,NA,1,NA,NA,NA,NA,NA,1,1
15937,14257,Hotel,Rodeway Inn Beverly Hills,9808,-118.35812377929688,34.0762825012207,1,1,1,1,NA,NA,NA,NA,NA,NA,NA,NA,NA,NA,NA,NA,NA,NA,NA,NA,NA,NA,1,1
15939,14257,Hotel,Rodeway Inn Convention Center Los Angeles,2043,-118.278076171875,34.0506591796875,2,1,1,1,NA,NA,NA,NA,0,NA,NA,NA,NA,NA,NA,NA,NA,NA,NA,NA,NA,NA,1,1
28193,14257,Hotel,W Los Angeles - West Beverly Hills,17331,-118.44338989257812,34.06467819213867,3,2,1,NA,NA,1,0,1,NA,NA,1,NA,NA,NA,NA,1,1,1,NA,NA,1,NA,1,1
66011,14121,Hotel,Aegeon Hotel,860,22.93809700012207,40.63910675048828,2,1,1,1,NA,NA,NA,NA,NA,NA,NA,NA,NA,NA,NA,1,NA,NA,NA,NA,NA,NA,1,1
77727,14121,Hotel,a.d. Imperial Palace,822,22.939422607421875,40.63971710205078,4,2,3,1,NA,1,NA,NA,NA,1,NA,NA,NA,NA,NA,1,1,NA,NA,1,0,NA,1,1
84297,27561,Hotel,ibis Amsterdam Centre,1064,4.8971381187438965,52.37970733642578,3,5,5,0,NA,NA,NA,NA,NA,NA,NA,NA,NA,NA,NA,NA,NA,NA,NA,1,NA,NA,1,1
84455,27561,Hotel,Nova Hotel Amsterdam,375,4.890162944793701,52.371337890625,3,3,2,1,NA,NA,NA,NA,NA,NA,NA,NA,NA,NA,NA,NA,1,NA,NA,NA,1,1,1,1
84457,27561,Hotel,NH Amsterdam Noord,2673,4.910859107971191,52.39229965209961,3,4,2,1,NA,NA,NA,NA,NA,NA,NA,NA,NA,NA,1,1,1,NA,NA,NA,NA,1,1,1
108233,31497,Hotel,The Harbourview ,1013,114.17110443115234,22.280189514160156,3,2,3,1,NA,NA,NA,NA,NA,NA,NA,NA,NA,NA,NA,NA,1,NA,1,1,NA,NA,1,1
108859,31497,Hotel,Metropark Hotel Kowloon,4375,114.17559814453125,22.319599151611328,3,2,2,1,NA,NA,NA,NA,NA,NA,NA,NA,NA,NA,NA,NA,1,NA,NA,1,1,NA,1,1
112641,14257,Hotel,DoubleTree by Hilton Los Angeles Downtown,1197,-118.24299621582031,34.05046463012695,4,2,1,1,NA,NA,NA,NA,NA,1,NA,NA,NA,NA,NA,1,1,NA,1,NA,1,1,1,1
128869,14257,Hotel,Miyako Hotel Los Angeles,1460,-118.240234375,34.0496711730957,4,2,2,1,NA,NA,NA,NA,NA,NA,NA,NA,NA,NA,NA,NA,1,NA,NA,NA,NA,NA,1,1
134159,14257,Hotel,Millennium Biltmore Hotel Los Angeles,281,-118.25379943847656,34.04970169067383,2,2,2,1,NA,NA,NA,1,NA,1,NA,NA,NA,NA,NA,NA,1,NA,NA,1,1,NA,1,1
164769,27561,Hotel,De Bedstee,1992,4.877699851989746,52.355899810791016,5,1,3,NA,NA,1,NA,NA,NA,NA,NA,NA,NA,NA,1,NA,1,1,1,NA,NA,1,1,1
6161957,31497,Hotel,New China Yan Yan Guesthouse Hotel,2966,114.18389892578125,22.299325942993164,2,1,1,1,NA,NA,NA,NA,NA,NA,NA,NA,NA,NA,NA,NA,NA,NA,1,NA,NA,NA,1,1
6308791,27561,Hotel,XO Hotels Couture,4249,4.841163158416748,52.351112365722656,5,9,10,1,NA,NA,NA,NA,NA,NA,NA,NA,NA,NA,NA,NA,1,1,NA,NA,1,1,1,0
4169675,14257,Hotel,Palihotel Melrose,10482,-118.36293029785156,34.083595275878906,3,1,1,1,NA,1,NA,NA,NA,NA,NA,NA,NA,NA,NA,NA,NA,NA,NA,NA,1,NA,1,1
198819,31497,Hotel,Hong Kong Gold Coast,19931,113.99317932128906,22.371156692504883,4,2,2,0,NA,NA,NA,NA,1,NA,NA,NA,NA,NA,NA,NA,1,NA,NA,1,1,NA,1,1
201287,27561,Hotel,NH Museum Quarter,1388,4.88602876663208,52.359092712402344,4,8,5,1,NA,NA,NA,NA,NA,NA,NA,NA,NA,NA,1,NA,1,NA,NA,1,NA,NA,1,1
5373029,31497,Hotel,Auberge Discovery Bay Hong Kong,15128,114.01703643798828,22.307504653930664,4,1,2,NA,NA,NA,NA,NA,NA,NA,NA,NA,NA,NA,NA,NA,NA,NA,NA,NA,NA,NA,NA,NA
5546759,14121,Hotel,Colors Ladadika Central,723,22.937570571899414,40.634483337402344,5,1,1,1,NA,1,NA,NA,NA,NA,NA,NA,NA,NA,NA,1,NA,NA,1,NA,1,NA,1,1
13109299,14257,Inn,Melrose Inn,5877,-118.30643463134766,34.083805084228516,NA,1,1,NA,NA,NA,NA,NA,NA,NA,NA,NA,NA,NA,NA,NA,NA,NA,NA,NA,NA,NA,NA,NA
198803,31497,Hotel,"Travelodge Central, Hollywood Road ",1442,114.14796447753906,22.285585403442383,3,1,1,0,NA,0,NA,NA,NA,NA,NA,NA,NA,NA,NA,1,0,NA,1,0,1,NA,0,0
198833,31497,Hotel,Marco Polo Hongkong,1625,114.168701171875,22.295499801635742,5,2,1,1,NA,NA,NA,NA,NA,1,NA,NA,NA,NA,NA,NA,1,NA,NA,1,NA,NA,1,1
198837,31497,Hotel,Panorama By Rhombus,2173,114.17476654052734,22.29771614074707,3,2,1,1,NA,NA,NA,NA,NA,NA,NA,NA,NA,NA,NA,NA,1,NA,NA,1,NA,NA,0,0
201613,14121,Hotel,Nepheli,8718,23.03274917602539,40.59164047241211,4,1,1,1,NA,NA,NA,NA,NA,NA,NA,NA,NA,NA,NA,NA,1,1,NA,NA,NA,NA,1,1
15895,14257,Hotel,Sheraton Grand Los Angeles,467,-118.25846862792969,34.047874450683594,4,2,1,1,NA,NA,NA,NA,NA,1,NA,NA,NA,NA,NA,NA,1,NA,NA,1,NA,NA,1,1
15917,14257,Hotel,Travelodge Hotel at LAX Los Angeles Intl,16242,-118.3775634765625,33.945838928222656,2,1,1,1,NA,NA,NA,NA,NA,NA,NA,NA,NA,NA,NA,NA,1,NA,NA,NA,NA,NA,1,1
15931,14257,Hotel,Hotel Bel-Air,17985,-118.44648742675781,34.08676528930664,5,1,2,1,NA,1,NA,1,NA,1,1,NA,NA,NA,NA,1,NA,NA,1,NA,NA,NA,1,1
33237,31497,Resort,Silvermine Beach Resort,16839,113.99944305419922,22.261892318725586,2,1,2,1,NA,NA,NA,NA,1,NA,NA,NA,NA,NA,NA,1,1,1,NA,NA,1,1,1,1
65921,14121,Hotel,Electra Palace Thessaloniki,449,22.941024780273438,40.63323974609375,5,2,2,1,NA,NA,NA,1,NA,1,1,NA,NA,NA,NA,1,1,1,1,1,NA,NA,1,1
66019,14121,Hotel,Metropolitan Hotel,2645,22.953876495361328,40.61130905151367,2,1,1,1,NA,NA,NA,NA,NA,NA,NA,NA,NA,NA,NA,NA,1,NA,NA,1,NA,1,1,1
77713,14121,Hotel,Queen Olga,2558,22.953968048095703,40.61212921142578,2,1,1,1,NA,NA,NA,NA,NA,NA,NA,NA,NA,NA,NA,NA,1,NA,NA,1,NA,NA,1,1
77735,14121,Hotel,Kinissi Palace,651,22.940305709838867,40.63819122314453,2,1,1,1,NA,NA,NA,NA,NA,NA,NA,NA,NA,NA,NA,NA,1,NA,NA,NA,NA,NA,1,1
77747,14121,Hotel,Plaza Hotel,856,22.936063766479492,40.635257720947266,3,1,1,0,NA,NA,NA,NA,NA,NA,0,NA,NA,NA,NA,NA,1,1,1,NA,1,0,1,1
84189,27561,Hotel,Mercure Hotel Amsterdam City,4057,4.9135332107543945,52.33544921875,4,5,4,1,NA,NA,NA,NA,NA,NA,NA,NA,NA,NA,NA,NA,1,NA,NA,NA,1,NA,1,1
84587,27561,Hotel,Renaissance Amsterdam Hotel,872,4.894575119018555,52.37803268432617,4,6,3,1,NA,1,NA,1,NA,1,NA,NA,NA,NA,NA,NA,1,1,NA,NA,NA,NA,1,1
108291,31497,Hotel,The Royal Garden,2429,114.17759704589844,22.298500061035156,4,3,2,1,NA,NA,NA,NA,0,1,NA,NA,NA,NA,NA,1,1,NA,NA,NA,1,NA,1,1
115019,14257,Hotel,Farmer's Daughter,10050,-118.36170959472656,34.0736198425293,4,1,1,1,NA,1,NA,NA,NA,NA,NA,NA,NA,NA,NA,NA,1,NA,NA,NA,NA,NA,1,1
164747,27561,Hotel,Rho,248,4.894110202789307,52.37229919433594,3,4,3,1,NA,NA,NA,NA,NA,NA,NA,NA,NA,NA,NA,NA,NA,NA,NA,NA,NA,NA,NA,NA
4188535,31497,Hotel,Reliance Inn,1953,114.17284393310547,22.29659080505371,1,1,1,NA,NA,NA,NA,NA,NA,NA,NA,NA,NA,NA,NA,NA,NA,NA,NA,NA,NA,NA,1,1
189761,14257,Hotel,The Mayfair Hotel,1078,-118.26760864257812,34.052066802978516,1,2,2,1,NA,NA,NA,NA,NA,1,NA,NA,NA,NA,1,0,1,1,1,1,NA,NA,1,1
198839,31497,Hotel,Best Western Plus Hotel Hong Kong,2376,114.13909912109375,22.287399291992188,3,2,2,NA,NA,NA,NA,NA,NA,NA,NA,NA,NA,NA,NA,NA,1,NA,NA,1,NA,NA,1,1
4879683,14121,Hotel,Oceanis,6523,22.947473526000977,40.57570266723633,2,1,1,1,NA,NA,NA,NA,NA,NA,NA,NA,NA,NA,NA,NA,NA,NA,NA,NA,NA,NA,1,1
4902967,27561,Hotel,Hotel Seven One Seven,909,4.885341167449951,52.36477279663086,5,1,1,1,NA,1,1,1,NA,NA,NA,NA,NA,NA,NA,NA,1,1,1,NA,1,1,1,1
5371917,31497,Hotel,Lodgewood by Lâ€™hotel Mongkok,4348,114.16647338867188,22.321300506591797,4,1,1,1,NA,NA,NA,NA,NA,NA,NA,NA,NA,NA,NA,NA,1,1,1,NA,1,NA,1,1
5460963,14257,Home / Apartment,Hollywood Red Carpet Apartment,9476,-118.3384780883789,34.10237121582031,4,1,1,1,NA,NA,NA,NA,NA,NA,NA,NA,NA,NA,NA,NA,NA,NA,NA,NA,NA,NA,1,1
9347927,14257,Hotel,Hotel Indigo Los Angeles Downtown,923,-118.26456451416016,34.04730224609375,5,1,2,1,NA,NA,NA,NA,NA,NA,NA,NA,NA,NA,1,1,1,1,NA,1,NA,NA,1,1
10237483,27561,Hostel,Generator Amsterdam,1907,4.9189019203186035,52.360843658447266,4,2,3,1,NA,NA,NA,NA,NA,NA,NA,NA,NA,NA,NA,1,1,NA,NA,1,1,1,1,1
12436359,14257,Hotel,Park Motel,5429,-118.28311920166016,34.00819778442383,2,1,1,NA,NA,NA,NA,NA,NA,NA,NA,NA,NA,NA,NA,NA,NA,NA,NA,NA,NA,NA,NA,NA
13464111,14257,Motel,Satellite Motel,14462,-118.28227233886719,33.923301696777344,NA,1,1,NA,NA,NA,NA,NA,NA,NA,NA,NA,NA,NA,NA,NA,NA,NA,NA,NA,NA,NA,NA,NA
14584951,14121,Hotel,Casa Verde ,16409,23.066267013549805,40.750457763671875,NA,1,1,1,NA,NA,NA,NA,NA,NA,NA,NA,NA,NA,NA,NA,NA,NA,NA,NA,NA,NA,1,1
1842629,27561,Hotel,V frederiksplein,1245,4.898044109344482,52.35912322998047,3,4,2,0,NA,1,NA,NA,NA,NA,NA,NA,NA,NA,NA,NA,1,NA,NA,NA,NA,NA,1,1
2502667,14121,Hotel,Alexandria,866,22.93792724609375,40.63903045654297,2,1,1,1,NA,NA,NA,NA,NA,NA,NA,NA,NA,NA,NA,1,1,NA,1,NA,0,1,1,1
2548427,14257,Hotel,Hotel Normandie,4315,-118.30055236816406,34.063316345214844,3,1,1,1,NA,NA,NA,NA,NA,NA,NA,NA,NA,NA,NA,1,1,NA,NA,1,NA,NA,1,1
2664687,14257,Hotel,The Ritz Carlton Los Angeles,1222,-118.26699829101562,34.045467376708984,5,1,1,1,NA,NA,NA,1,NA,NA,1,NA,NA,NA,NA,NA,1,NA,NA,1,1,NA,1,1
2723729,27561,Hotel,Royal Taste,455,4.899267196655273,52.373531341552734,3,1,1,NA,NA,NA,NA,NA,NA,NA,NA,NA,NA,NA,NA,NA,NA,NA,NA,NA,NA,NA,1,NA
9822375,27561,Home / Apartment,Plantage Apartment Suites,1091,4.909852027893066,52.365966796875,3,1,1,NA,NA,NA,NA,NA,NA,NA,NA,NA,NA,NA,NA,NA,NA,NA,NA,NA,NA,NA,NA,NA
9924671,31497,Hotel,The Salisbury - YMCA Of Hong Kong,1710,114.17101287841797,22.29511070251465,5,2,2,NA,NA,NA,NA,NA,NA,NA,NA,NA,NA,NA,NA,NA,1,NA,1,NA,1,NA,NA,1
2454139,27561,Hotel,citizenM Amsterdam,3407,4.875959873199463,52.341941833496094,5,2,1,NA,NA,1,NA,NA,NA,NA,NA,NA,NA,NA,NA,1,NA,NA,NA,NA,NA,1,1,1
2588493,14121,Hotel,The Excelsior,521,22.940061569213867,40.63355255126953,5,1,1,0,NA,1,NA,1,NA,1,0,NA,NA,NA,NA,1,1,1,1,NA,1,NA,1,1
3226469,27561,Hotel,WestCord Fashion Hotel Amsterdam,3755,4.844339847564697,52.35718536376953,5,9,5,1,NA,NA,NA,NA,NA,NA,NA,NA,NA,NA,NA,NA,1,NA,NA,NA,NA,NA,1,1
294513,27561,Hotel,Mozart,966,4.886300086975098,52.36349868774414,1,2,1,1,NA,NA,NA,NA,NA,NA,NA,NA,NA,NA,NA,NA,NA,NA,NA,NA,NA,NA,1,1
305241,31497,Hotel,Lanson Place,2628,114.18677520751953,22.278656005859375,5,1,1,NA,NA,1,NA,1,NA,NA,NA,NA,NA,NA,NA,NA,1,1,1,NA,1,NA,1,1
307853,14121,Hotel,Porto Palace,3177,22.910188674926758,40.64285659790039,3,1,1,1,NA,NA,NA,NA,NA,1,NA,NA,NA,NA,NA,1,1,NA,NA,NA,NA,1,1,1
307855,14121,Hotel,Rex,1563,22.93098258972168,40.642433166503906,3,1,1,1,NA,NA,NA,NA,NA,NA,NA,NA,NA,NA,NA,NA,NA,NA,1,NA,1,NA,1,1
7577111,14257,Inn,Crenshaw Inn Motel,10332,-118.33126068115234,33.98270797729492,1,1,1,1,0,0,0,0,0,0,0,0,1,NA,0,NA,NA,NA,NA,NA,1,NA,1,1
8056847,14257,Hostel,LA Boardinghouse,8430,-118.3468246459961,34.04285430908203,3,1,1,0,0,0,0,0,0,0,0,0,0,NA,0,NA,NA,NA,1,NA,0,NA,0,1
8682307,27561,Hotel,The Student Hotel Amsterdam City,2095,4.912670135498047,52.3546028137207,5,4,5,1,NA,1,NA,NA,NA,NA,NA,NA,NA,NA,1,1,1,NA,1,1,NA,1,1,1
8995539,31497,Hotel,Grand City,2156,114.14116668701172,22.286897659301758,3,1,1,NA,NA,NA,NA,NA,NA,NA,NA,NA,NA,NA,NA,NA,NA,NA,NA,NA,NA,NA,NA,1
9401815,14257,Bed & Breakfast,Mini Mansion In Hollywood Hills,11973,-118.34834289550781,34.12725830078125,3,1,1,1,0,0,0,0,0,0,0,0,0,NA,0,NA,NA,NA,NA,NA,0,NA,1,1
14004639,14257,Hotel,My Sunshine,1417,-118.27128601074219,34.05221939086914,3,1,1,NA,NA,NA,NA,NA,NA,NA,NA,NA,NA,NA,NA,NA,NA,NA,NA,NA,NA,NA,NA,NA
14080779,14121,Home / Apartment,Apartment Tsimiski 95,480,22.9469051361084,40.63008117675781,NA,1,1,NA,NA,NA,NA,NA,NA,NA,NA,NA,NA,NA,NA,NA,NA,NA,NA,NA,NA,NA,NA,NA
14166111,14121,Home / Apartment,Moutafi Apartment,4180,22.90614128112793,40.65654754638672,NA,1,1,NA,NA,NA,NA,NA,NA,NA,NA,NA,NA,NA,NA,NA,NA,NA,NA,NA,NA,NA,NA,NA
15418207,14121,Home / Apartment,Egnatia Flat,1093,22.937915802001953,40.64195251464844,NA,1,1,NA,NA,NA,NA,NA,NA,NA,NA,NA,NA,NA,NA,NA,NA,NA,NA,NA,NA,NA,NA,NA
15643291,14257,Hotel,Sofia Apartel,0,-118.25592803955078,34.051513671875,NA,1,1,NA,NA,NA,NA,NA,NA,NA,NA,NA,NA,NA,NA,NA,NA,NA,NA,NA,NA,NA,NA,NA
17840211,31497,Home / Apartment,Ease Access Wan Chai,1905,114.17976379394531,22.279319763183594,4,1,1,NA,NA,NA,NA,NA,NA,NA,NA,NA,NA,NA,NA,NA,NA,NA,NA,NA,NA,NA,NA,NA
4310035,27561,Home / Apartment,City park Apartment V,1584,4.873635768890381,52.3650016784668,2,1,1,NA,NA,NA,NA,NA,NA,NA,NA,NA,NA,NA,NA,NA,NA,NA,NA,NA,1,NA,1,1
11214831,14121,Hotel,Blue Bottle Hotel,664,22.94104766845703,40.638912200927734,5,1,1,1,NA,NA,NA,NA,NA,NA,NA,NA,1,NA,1,1,NA,NA,NA,NA,NA,0,1,1
18123191,14257,Home / Apartment,Cozy Room In A 1907 Craftsman House,2423,-118.2551040649414,34.07329559326172,5,1,1,NA,NA,NA,NA,NA,NA,NA,NA,NA,NA,NA,NA,NA,NA,NA,NA,NA,NA,NA,NA,NA
18389871,14121,Home / Apartment,Passer Domesticus,557,22.94029998779297,40.636688232421875,NA,1,1,NA,NA,NA,NA,NA,NA,NA,NA,NA,NA,NA,NA,NA,NA,NA,NA,NA,NA,NA,NA,NA
12854399,14257,Home / Apartment,Centrally Located Los Angeles Apt,11045,-118.34925842285156,33.98919677734375,NA,1,1,1,NA,NA,NA,NA,NA,NA,NA,NA,NA,NA,NA,NA,NA,NA,NA,NA,NA,NA,1,1
14408791,14121,Home / Apartment,Aristotelous Grande View Apartment,361,22.942068099975586,40.63335037231445,NA,1,1,NA,NA,NA,NA,NA,NA,NA,NA,NA,NA,NA,NA,NA,NA,NA,NA,NA,NA,NA,NA,NA
14624243,14121,Home / Apartment,Panorama Apartments,9310,23.03955078125,40.589847564697266,NA,1,1,1,NA,NA,NA,NA,NA,NA,NA,NA,1,NA,NA,NA,NA,NA,NA,NA,NA,NA,1,1
275407,27561,Hotel,Movenpick Hotel Amsterdam City Centre,1546,4.91437292098999,52.37785339355469,5,6,3,1,NA,1,NA,1,NA,1,NA,NA,1,NA,NA,NA,1,NA,1,1,1,NA,1,1
298295,14257,Hotel,Best Western Plus LA Mid-Town Hotel,3678,-118.29318237304688,34.06340789794922,2,1,1,1,NA,NA,NA,NA,NA,NA,NA,NA,NA,NA,NA,NA,1,NA,NA,NA,NA,NA,1,1
298297,14257,Hotel,The Standard Downtown,188,-118.25717163085938,34.05017852783203,3,1,1,1,NA,1,NA,1,NA,NA,NA,NA,NA,NA,NA,1,NA,NA,1,1,NA,NA,1,1
935561,14121,Hotel,Tourist,529,22.93993377685547,40.63364791870117,4,1,1,1,NA,NA,NA,NA,NA,NA,NA,NA,NA,1,NA,1,1,1,1,NA,1,1,1,1
1058311,31497,Hotel,OZO Wesley Hong Kong,933,114.16880798339844,22.277402877807617,4,2,1,NA,NA,NA,NA,NA,NA,NA,NA,NA,NA,NA,NA,NA,1,NA,NA,NA,1,NA,1,1
1772433,14257,Hotel,Beverly Laurel,10362,-118.36448669433594,34.07592010498047,3,1,1,1,NA,NA,NA,NA,NA,NA,NA,NA,NA,NA,NA,NA,NA,NA,NA,NA,NA,NA,1,1
1775697,31497,Hotel,W Hong Kong,2483,114.16078186035156,22.304780960083008,5,2,1,1,NA,1,NA,NA,NA,NA,NA,NA,NA,NA,NA,NA,1,NA,NA,1,NA,NA,1,1
16236707,31497,Hotel,Sai Yuen,17282,114.0195541381836,22.199527740478516,NA,1,1,NA,NA,NA,NA,NA,NA,NA,NA,NA,NA,NA,NA,NA,NA,NA,NA,NA,NA,NA,NA,NA
16249211,14121,Home / Apartment,Cozy Apartment,6227,22.947046279907227,40.578365325927734,NA,1,1,NA,NA,NA,NA,NA,1,NA,NA,NA,NA,NA,NA,NA,NA,NA,NA,NA,NA,NA,NA,NA
11417571,14121,Home / Apartment, The Trilogy House ,472,22.947181701660156,40.630184173583984,NA,1,1,NA,NA,NA,NA,NA,NA,NA,NA,NA,NA,NA,NA,NA,NA,NA,NA,NA,NA,NA,NA,NA
11534135,14257,Hotel,Los Angeles Downtown Apartments,2152,-118.27884674072266,34.04777526855469,1,1,1,1,NA,NA,NA,NA,NA,NA,NA,NA,NA,NA,NA,NA,NA,NA,NA,NA,NA,NA,1,NA
11939439,27561,Hotel,easyhotel Amsterdam Arena Boulevard,7141,4.944174766540527,52.31332015991211,3,2,3,1,NA,NA,NA,NA,NA,NA,NA,NA,NA,NA,1,NA,1,NA,1,1,1,1,1,1
10958011,14121,Bed & Breakfast,The Caravan,545,22.94158935546875,40.63783264160156,NA,1,1,1,NA,NA,NA,NA,NA,NA,NA,NA,NA,NA,NA,0,NA,NA,NA,NA,NA,1,1,1
8586531,27561,Hotel,Jaz Amsterdam,6905,4.9393181800842285,52.314208984375,5,4,6,1,NA,1,NA,NA,NA,NA,NA,NA,NA,NA,NA,NA,NA,NA,NA,NA,NA,NA,1,1
5457915,31497,Hotel,Casa Deluxe,3346,114.17076873779297,22.311317443847656,4,1,1,NA,NA,NA,NA,NA,NA,NA,NA,NA,NA,NA,NA,NA,NA,NA,NA,NA,NA,NA,NA,NA
5490583,31497,Hostel,Hop Inn On Carnarvon,2198,114.17395782470703,22.29855728149414,4,1,1,NA,NA,NA,NA,NA,NA,NA,NA,NA,NA,NA,NA,NA,NA,NA,1,NA,1,NA,1,1
4599131,27561,Hotel,Hudson River,775,4.890548229217529,52.37651824951172,NA,1,1,NA,NA,NA,NA,NA,NA,NA,NA,NA,NA,NA,NA,NA,NA,NA,NA,NA,NA,NA,NA,NA
4868005,31497,Hotel,Holiday Inn Express Hong Kong Kowloon East,10765,114.26226806640625,22.30874252319336,4,1,1,1,NA,NA,NA,NA,NA,NA,NA,NA,NA,NA,NA,NA,NA,NA,NA,NA,NA,NA,1,1
5331539,14257,Hotel,The LINE Hotel,4318,-118.30103302001953,34.06207275390625,4,1,1,1,NA,NA,NA,NA,NA,NA,NA,NA,NA,NA,NA,NA,NA,NA,NA,NA,NA,NA,1,1
5740103,27561,Hotel,Holiday Inn Express Amsterdam - Arena Towers,7439,4.942223072052002,52.30973434448242,4,9,10,1,NA,NA,NA,NA,NA,1,NA,NA,NA,NA,NA,NA,1,NA,NA,1,NA,NA,1,1
7793047,14257,Motel,New Bay Motel,10130,-118.28272247314453,33.963165283203125,2,1,1,1,NA,NA,NA,NA,NA,NA,NA,NA,NA,NA,NA,NA,NA,NA,NA,NA,NA,NA,1,1
3921633,27561,Hotel,Conservatorium hotel,1717,4.878623962402344,52.3586311340332,5,5,2,1,NA,1,NA,1,NA,NA,NA,NA,NA,NA,NA,NA,1,1,NA,1,NA,NA,1,1
12937215,14121,Serviced Apartment,Limani,2280,22.920879364013672,40.641632080078125,NA,1,1,NA,NA,NA,NA,NA,NA,NA,NA,NA,NA,NA,NA,NA,NA,NA,NA,NA,NA,NA,1,1
7047195,14257,Hotel,Bokai Garden,16954,-118.07401275634766,34.07469177246094,1,1,1,1,0,0,0,0,0,0,0,0,0,NA,0,NA,NA,NA,NA,NA,1,NA,1,1
2394019,14121,Hotel,Argo,942,22.937257766723633,40.63949203491211,2,1,1,NA,NA,NA,NA,NA,NA,NA,NA,NA,NA,NA,NA,NA,NA,NA,NA,NA,NA,NA,1,1
2516139,31497,Hotel,Crowne Plaza Hong Kong Causeway Bay,2257,114.18270111083984,22.277009963989258,5,2,1,1,NA,NA,NA,NA,NA,1,NA,NA,NA,NA,NA,NA,1,NA,NA,1,NA,NA,1,1
3186789,27561,Hotel,Hotel Sebastian's,1054,4.890008926391602,52.37910079956055,5,1,1,NA,NA,NA,NA,NA,NA,NA,NA,NA,NA,NA,NA,NA,NA,NA,NA,NA,NA,NA,NA,1
3649281,14257,Hotel,Etown Inn,3267,-118.2528076171875,34.022247314453125,1,1,1,NA,NA,NA,NA,NA,NA,NA,NA,NA,NA,NA,NA,NA,NA,NA,NA,NA,NA,NA,1,1
3690417,14121,Hotel,Kastoria,821,22.938398361206055,40.638832092285156,1,1,2,NA,NA,NA,NA,NA,NA,NA,NA,NA,NA,NA,NA,NA,NA,NA,NA,NA,1,NA,1,1
4860307,27561,Serviced Apartment,Amsterdam ID Aparthotel,4566,4.834354877471924,52.38750457763672,5,5,2,1,NA,1,NA,NA,NA,NA,NA,NA,0,NA,NA,0,1,NA,1,1,1,1,1,1
5242307,31497,Hotel,Best Western Grand Hotel Hong Kong,2649,114.1748046875,22.302892684936523,2,1,2,1,NA,NA,NA,NA,NA,NA,NA,NA,NA,NA,NA,NA,1,NA,NA,1,NA,NA,1,1
18126559,14257,Home / Apartment,"Located In The Heart Of Los Feliz Village, Near Hollywood/griffith Prk",6976,-118.2921142578125,34.106632232666016,5,1,1,NA,NA,NA,NA,NA,NA,NA,NA,NA,NA,NA,NA,NA,NA,NA,NA,NA,NA,NA,NA,NA
18313307,14257,Hotel,Universal Studio Suites,12089,-118.34510803222656,34.13129806518555,NA,1,1,NA,NA,NA,NA,NA,NA,NA,NA,NA,NA,NA,NA,NA,NA,NA,NA,NA,NA,NA,NA,NA
18476051,14121,Hotel,Studio Floral,0,22.946138381958008,40.63435745239258,NA,1,1,NA,NA,NA,NA,NA,NA,NA,NA,NA,NA,NA,NA,NA,NA,NA,NA,NA,NA,NA,NA,NA
18949943,14121,Home / Apartment,Cozy Apartment In Thessaloniki,1943,22.963102340698242,40.62254333496094,NA,1,1,NA,NA,NA,NA,NA,NA,NA,NA,NA,NA,NA,NA,NA,NA,NA,NA,NA,NA,NA,NA,NA
10376515,27561,Hotel,Hampton by Hilton Amsterdam Centre East,2669,4.934635162353516,52.37123489379883,5,2,1,1,NA,NA,NA,NA,NA,NA,NA,NA,NA,NA,NA,1,1,NA,NA,NA,1,NA,1,1
211405,27561,Hotel,"Radisson Blu Hotel Amsterdam Airport, Schiphol",14204,4.750199794769287,52.27830123901367,4,7,8,1,NA,NA,NA,NA,NA,1,NA,NA,1,NA,NA,NA,1,NA,NA,NA,NA,NA,1,1
214203,14121,Hotel,Nea Metropolis,640,22.940921783447266,40.63853454589844,2,1,1,0,NA,NA,NA,NA,NA,NA,NA,NA,NA,NA,NA,NA,NA,NA,1,NA,NA,NA,1,1
2615947,27561,Inn,Vita Nova,1078,4.910606861114502,52.37291717529297,3,1,1,NA,NA,NA,NA,NA,NA,NA,NA,NA,NA,NA,NA,NA,NA,NA,NA,NA,1,NA,NA,NA
2651843,14121,Hotel,The Met Hotel,2304,22.92013931274414,40.64069747924805,5,2,1,1,NA,NA,NA,1,NA,1,1,NA,1,NA,NA,1,1,NA,1,NA,1,1,1,1
2665159,14257,Bed & Breakfast,Rose Bowl Motel,11108,-118.19921875,34.139686584472656,2,1,1,1,NA,NA,NA,NA,NA,NA,NA,NA,NA,NA,NA,NA,NA,NA,NA,NA,1,NA,1,1
297363,31497,Hotel,Lan Kwai Fong Hotel,905,114.15299987792969,22.284299850463867,3,2,1,1,NA,1,NA,NA,NA,NA,NA,NA,NA,NA,NA,NA,1,NA,NA,1,NA,NA,1,1
298283,14257,Hotel,Hotel Angeleno,19714,-118.46825408935547,34.07374572753906,3,2,2,1,NA,1,NA,NA,NA,NA,NA,NA,NA,NA,NA,1,1,NA,1,NA,NA,1,1,1
301605,14121,Hotel,Byzantio,3999,22.963279724121094,40.667884826660156,3,1,1,1,NA,NA,NA,NA,NA,NA,NA,NA,NA,NA,NA,NA,NA,NA,NA,NA,NA,NA,1,1
2718779,14257,Hotel,Sea Rock Inn,16703,-118.2910385131836,33.90414810180664,1,1,2,1,NA,NA,NA,NA,NA,NA,NA,NA,NA,NA,NA,NA,1,NA,1,NA,NA,NA,1,1
4349495,27561,Hotel,Iron Horse,1445,4.877481937408447,52.3631591796875,3,2,2,0,NA,NA,NA,NA,NA,NA,NA,NA,NA,NA,NA,NA,1,NA,1,NA,1,1,1,1
3645601,31497,Hotel,Butterfly on Waterfront,1768,114.14553833007812,22.28820037841797,3,1,1,0,NA,1,NA,NA,NA,NA,NA,NA,NA,NA,NA,1,1,1,1,NA,1,NA,1,1
1928529,31497,Hotel,L'Hotel Nina et Convention Centre,10818,114.11299133300781,22.36874771118164,4,2,3,1,NA,NA,NA,NA,NA,NA,NA,NA,NA,NA,NA,NA,1,1,NA,1,1,NA,1,1
2036885,14257,Hotel,JW Marriott Los Angeles L.A. LIVE,1201,-118.26652526855469,34.045223236083984,5,2,2,1,NA,NA,NA,NA,NA,1,NA,NA,NA,NA,NA,NA,1,1,NA,1,NA,1,1,1
2076303,31497,Hostel,HK Downtown Backpackers,1934,114.17281341552734,22.29639434814453,1,1,1,NA,NA,NA,NA,NA,0,NA,NA,NA,NA,NA,NA,NA,NA,NA,NA,1,1,NA,1,1
4315407,31497,Hotel,Madera Hong Kong,2875,114.17198944091797,22.306446075439453,5,1,1,NA,NA,1,NA,NA,NA,NA,NA,NA,NA,NA,NA,NA,1,1,1,NA,1,NA,1,1
4538307,31497,Hotel,Tai O Heritage,31842,113.85374450683594,22.25322914123535,4,1,1,NA,NA,NA,1,NA,NA,NA,NA,NA,NA,NA,NA,NA,NA,NA,NA,NA,1,NA,1,1
4565407,31497,Hotel,Best Western Hotel Harbour View Hong Kong,1922,114.14353942871094,22.2869930267334,1,2,4,0,NA,NA,NA,NA,NA,NA,NA,NA,NA,NA,NA,NA,1,NA,1,1,1,NA,1,1
15861,14257,Hotel,Courtyard by Marriott Los Angeles LAX/Century Boulevard,17223,-118.39360046386719,33.946800231933594,4,1,1,1,NA,NA,NA,NA,NA,1,NA,NA,NA,NA,NA,NA,1,NA,NA,NA,NA,NA,1,1
15873,14257,Hotel,Embassy Suites by Hilton Los Angeles-Intl Airport North,16739,-118.3864974975586,33.9468994140625,4,2,2,1,NA,NA,NA,NA,NA,NA,NA,NA,1,NA,NA,NA,1,NA,1,1,NA,1,1,1
15911,14257,Hotel,Renaissance Los Angeles Airport Hotel,16545,-118.3857421875,33.94876480102539,4,1,1,1,NA,NA,1,NA,NA,1,NA,NA,1,NA,NA,0,1,1,1,1,0,1,1,1
15915,14257,Hotel,Super 8 Los Angeles Airport,16297,-118.38568115234375,33.95196533203125,1,1,1,1,NA,NA,NA,NA,NA,NA,NA,NA,NA,NA,NA,NA,1,NA,NA,NA,NA,NA,1,1
65987,14121,Hotel,Astoria Hotel Thessaloniki,869,22.93616485595703,40.63630294799805,3,1,1,1,NA,NA,NA,NA,NA,NA,NA,NA,NA,NA,NA,1,1,NA,1,NA,1,1,1,1
77709,14121,Hotel,Hotel Nikopolis Thessaloniki,10135,22.989816665649414,40.549461364746094,5,1,1,1,NA,NA,NA,1,NA,1,1,NA,1,NA,NA,1,1,1,NA,NA,NA,1,1,1
77731,14121,Hotel,Mandrino Hotel,788,22.938894271850586,40.63883590698242,3,1,3,1,NA,NA,NA,NA,NA,1,NA,NA,NA,NA,1,1,1,1,1,1,NA,1,1,1
77733,14121,Hotel,Park,673,22.943130493164062,40.63996505737305,4,1,1,1,NA,NA,NA,NA,NA,NA,NA,NA,NA,NA,NA,NA,1,NA,NA,NA,NA,NA,1,1
84181,27561,Hotel,Dikker and Thijs,968,4.883924961090088,52.36500930786133,4,2,1,NA,NA,NA,NA,NA,NA,NA,NA,NA,NA,NA,NA,NA,1,1,1,NA,1,1,1,1
84275,27561,Hotel,Lloyd Hotel,2721,4.934899806976318,52.37419891357422,3,3,3,1,NA,1,NA,NA,NA,1,NA,NA,NA,NA,NA,NA,1,NA,NA,NA,1,1,1,1
84365,27561,Hotel,Hampshire Hotel - Theatre District Amsterdam,1333,4.878417015075684,52.36414337158203,2,1,2,1,NA,NA,NA,NA,NA,NA,NA,NA,NA,NA,NA,NA,1,NA,NA,NA,NA,NA,1,1
84625,27561,Hotel,NH Carlton Amsterdam,462,4.892958164215088,52.36631393432617,2,7,3,1,NA,NA,NA,NA,NA,NA,NA,NA,NA,NA,1,NA,1,NA,NA,1,1,1,1,1
108191,31497,Hotel,The Park Lane Hong Kong a Pullman Hotel,2548,114.1863021850586,22.281299591064453,4,2,1,1,NA,NA,NA,1,NA,1,1,NA,NA,NA,NA,NA,1,NA,NA,1,1,NA,1,1
108249,31497,Hotel,InterContinental Hotels Grand Stanford Hong Kong,2598,114.17929077148438,22.299102783203125,5,2,2,1,NA,NA,NA,1,NA,0,NA,NA,NA,NA,NA,NA,1,1,NA,1,1,NA,1,1
108283,31497,Hotel,Jen Hong Kong,2757,114.13502502441406,22.285850524902344,4,1,1,1,NA,NA,NA,NA,NA,NA,NA,NA,NA,NA,NA,NA,1,NA,NA,1,NA,NA,1,1
108319,31497,Hotel,Metropark Hotel Causeway Bay Hong Kong,3134,114.19200134277344,22.281400680541992,5,1,1,1,NA,NA,NA,NA,NA,NA,NA,NA,NA,NA,NA,NA,1,NA,NA,1,NA,NA,1,1
108499,31497,Hotel,Island Pacific,2063,114.1425552368164,22.288341522216797,4,2,2,1,NA,NA,NA,NA,NA,NA,NA,NA,1,NA,NA,NA,1,NA,1,1,1,NA,1,1
108849,31497,Hotel,Newton Inn North Point,3808,114.19740295410156,22.291011810302734,2,1,2,0,NA,NA,NA,NA,NA,NA,NA,NA,NA,NA,NA,NA,1,NA,1,1,NA,NA,1,1
119199,14257,Hotel,The Orlando Hotel,11026,-118.37284088134766,34.07276916503906,4,1,1,1,NA,1,NA,NA,NA,NA,1,NA,NA,NA,NA,NA,1,NA,NA,NA,NA,NA,1,1
12873391,14257,Hotel,Skyview Penthouse,862,-118.2651596069336,34.05025100708008,NA,1,1,1,NA,NA,NA,NA,NA,NA,NA,NA,NA,NA,NA,NA,NA,NA,NA,NA,NA,NA,1,1
2472491,31497,Hotel,Harbour Plaza 8 Degrees,4596,114.18785858154297,22.315881729125977,3,2,2,1,NA,NA,NA,1,0,1,NA,NA,NA,NA,NA,NA,1,1,NA,1,1,NA,1,1
5459051,31497,Hotel,Peace Guest House,1934,114.17281341552734,22.29639434814453,4,1,1,NA,NA,NA,NA,NA,NA,NA,NA,NA,NA,NA,NA,NA,1,NA,1,NA,1,NA,1,1
5668877,31497,Hotel,pentahotel Hong Kong Kowloon,7234,114.19998168945312,22.336946487426758,4,1,2,1,NA,NA,NA,NA,NA,NA,NA,NA,NA,NA,NA,1,1,1,1,1,1,NA,1,1
7671223,27561,Hotel,Corendon Vitality Hotel Amsterdam,5090,4.8310980796813965,52.34664535522461,4,6,6,1,NA,NA,NA,NA,NA,NA,1,NA,1,NA,NA,NA,1,NA,NA,1,NA,NA,1,1
5340703,14257,Hotel,El Rancho,8897,-118.26940155029297,33.972286224365234,2,1,1,1,NA,NA,NA,NA,NA,NA,NA,NA,NA,NA,NA,NA,NA,NA,NA,NA,NA,NA,1,1
14764415,14121,Hotel,Konstantinoss Luxury Studio,1232,22.94154167175293,40.64487075805664,NA,1,1,NA,NA,NA,NA,NA,NA,NA,NA,NA,NA,NA,NA,NA,NA,NA,NA,NA,NA,NA,NA,NA
3662557,14121,Serviced Apartment,Studios Arabas,1099,22.944265365600586,40.644142150878906,4,1,1,1,NA,NA,NA,NA,NA,NA,NA,NA,NA,NA,1,NA,NA,NA,NA,NA,NA,NA,1,1
3877685,14257,Hotel,Mr C Beverly Hills,13143,-118.39851379394531,34.055362701416016,5,2,1,1,NA,NA,NA,1,NA,NA,NA,NA,NA,NA,NA,NA,1,1,1,NA,1,NA,1,1
4579619,31497,Hotel,ibis Hong Kong Central and Sheung Wan,1553,114.14757537841797,22.287702560424805,4,2,2,0,NA,NA,NA,NA,NA,NA,NA,NA,1,NA,NA,NA,1,1,NA,1,1,NA,1,1
4791187,31497,Hotel,Mini Causeway Bay,2444,114.18476104736328,22.277729034423828,2,1,1,NA,NA,NA,NA,NA,NA,NA,NA,NA,NA,NA,NA,NA,NA,NA,NA,NA,1,NA,1,1
5007431,14257,Motel,Central Inn Motel,4684,-118.25631713867188,34.0093879699707,1,1,1,1,NA,NA,NA,NA,NA,NA,NA,NA,NA,NA,NA,NA,1,NA,1,NA,1,NA,1,1
784481,31497,Hotel,Rambler garden hotel,8612,114.1105728149414,22.343883514404297,1,1,2,NA,NA,NA,NA,NA,NA,NA,NA,NA,NA,NA,NA,NA,1,NA,1,1,1,NA,1,1
19636083,14121,Hotel,Relax In Crazy Farm,272990,23.748279571533203,38.258689880371094,NA,1,1,NA,NA,NA,NA,NA,NA,NA,NA,NA,NA,NA,NA,NA,NA,NA,NA,NA,NA,NA,NA,NA
15986963,14121,Home / Apartment,Grcka-Reni Greece Beach,37557,23.068634033203125,40.3097038269043,NA,1,1,NA,NA,NA,NA,NA,1,NA,NA,NA,NA,NA,NA,NA,NA,NA,NA,NA,NA,NA,NA,NA
16871687,27561,Hotel,Monet Garden  Amsterdam,675,4.905074119567871,52.36891174316406,5,1,1,NA,NA,NA,NA,NA,NA,NA,NA,NA,NA,NA,NA,NA,NA,NA,NA,NA,NA,NA,NA,NA
14667243,14121,Hotel,Ladadika Studio,988,22.93524169921875,40.63759994506836,NA,1,1,NA,NA,NA,NA,NA,NA,NA,NA,NA,NA,NA,NA,NA,NA,NA,NA,NA,NA,NA,NA,NA
428321,27561,Hotel,XO Hotels Blue Tower,3511,4.845786094665527,52.37920379638672,2,7,4,0,NA,NA,NA,NA,NA,NA,NA,NA,NA,NA,NA,0,1,1,NA,1,1,1,1,1
1345151,31497,Hotel,Caritas Bianchi Lodge,3363,114.17185974121094,22.311166763305664,4,1,1,NA,NA,NA,NA,NA,NA,NA,NA,NA,NA,NA,NA,NA,NA,NA,NA,NA,1,NA,1,1
7599335,14121,Hotel,Filoxenia,3609,22.91106414794922,40.65293502807617,1,1,1,1,NA,NA,NA,NA,NA,NA,NA,NA,NA,NA,NA,NA,NA,NA,NA,NA,NA,NA,1,1
8347043,27561,Hotel,Mercure Hotel Amsterdam Sloterdijk Station,4518,4.834974765777588,52.38728713989258,4,4,3,1,NA,NA,NA,NA,NA,NA,NA,NA,NA,NA,NA,NA,1,NA,NA,NA,NA,NA,1,1
5411823,27561,Hotel,Hampton by Hilton Amsterdam Arena Boulevard,7287,4.94784688949585,52.313045501708984,4,5,4,1,NA,NA,NA,NA,NA,NA,NA,NA,NA,NA,NA,NA,1,NA,NA,1,NA,NA,1,1
5441033,27561,Hotel,art'otel amsterdam,847,4.897059917449951,52.37774658203125,5,5,3,1,NA,1,NA,1,NA,NA,0,NA,NA,NA,NA,NA,1,1,NA,0,1,1,1,1
17962151,14257,Home / Apartment,"Charming, Quiet Guesthouse Near Universal Studios In Heart Of Noho Arts District",16093,-118.36762237548828,34.16283416748047,NA,1,1,NA,NA,NA,NA,NA,NA,NA,NA,NA,NA,NA,NA,NA,NA,NA,NA,NA,NA,NA,NA,NA
14255035,14121,Hotel,Golden Star,14105,22.923551559448242,40.508670806884766,NA,1,1,NA,NA,NA,NA,NA,NA,NA,NA,NA,NA,NA,NA,NA,NA,NA,NA,NA,NA,NA,NA,NA
2656657,27561,Hotel,Apollo Museumhotel Amsterdam City Centre,1246,4.884228229522705,52.36129379272461,2,3,2,0,NA,NA,NA,NA,NA,NA,NA,NA,NA,NA,NA,1,1,NA,1,1,1,1,1,1
2657767,14121,Hotel,RentRooms Thessaloniki,667,22.953624725341797,40.63243103027344,5,1,1,NA,NA,NA,NA,NA,NA,NA,NA,NA,NA,NA,NA,1,NA,NA,NA,NA,NA,0,1,1
14361799,14257,Hostel,Time Zone Hostel Hollywood,8462,-118.33325958251953,34.092594146728516,4,1,1,NA,NA,NA,NA,NA,NA,NA,NA,NA,NA,NA,NA,1,NA,NA,1,NA,NA,NA,1,1
14402835,14121,Home / Apartment,Iktinou Plaza View Apartment,314,22.945980072021484,40.631534576416016,NA,1,1,NA,NA,NA,NA,NA,NA,NA,NA,NA,NA,NA,NA,NA,NA,NA,NA,NA,NA,NA,NA,NA
14986283,14257,Hotel,"H  Los Angeles, Curio Collection By Hilton",17222,-118.39271545410156,33.94602584838867,5,1,1,1,NA,NA,NA,1,NA,NA,NA,NA,1,NA,NA,NA,1,1,1,NA,NA,1,1,1
2621611,14121,Hotel,Emporikon,629,22.9403076171875,40.63788604736328,1,1,1,1,NA,NA,NA,NA,NA,NA,NA,NA,NA,NA,NA,NA,NA,NA,NA,NA,NA,NA,1,1
5049035,27561,Hotel,Park Inn by Radisson Amsterdam Airport Schiphol,14432,4.744239807128906,52.27901840209961,4,6,5,1,NA,NA,NA,NA,NA,1,NA,NA,1,NA,NA,NA,1,NA,NA,1,NA,NA,1,1
15451699,14257,Home / Apartment,Home2 Suites By Hilton Opelika Auburn,3043545,-85.40001678466797,32.61241149902344,4,1,1,NA,NA,NA,NA,NA,NA,NA,NA,NA,NA,NA,NA,NA,NA,NA,NA,NA,NA,NA,NA,NA
18397931,14121,Home / Apartment,Mazi7thfloor #3,683,22.94025230407715,40.638572692871094,NA,1,1,NA,NA,NA,NA,NA,NA,NA,NA,NA,NA,NA,NA,NA,NA,NA,NA,NA,NA,NA,NA,NA
8038679,14121,Hostel,Thess Hostel,2162,22.927021026611328,40.647308349609375,5,1,1,1,NA,NA,NA,NA,NA,NA,NA,NA,NA,NA,NA,NA,NA,NA,NA,NA,NA,NA,NA,NA
8354403,14257,Motel,Central Inn Motel,10481,-118.25672912597656,33.95725631713867,1,1,1,1,NA,NA,0,NA,NA,NA,NA,NA,NA,NA,NA,NA,NA,NA,NA,NA,NA,1,1,1
18828775,14121,Home / Apartment,Penthouse With City View!,0,22.946138381958008,40.63435745239258,NA,1,1,NA,NA,NA,NA,NA,NA,NA,NA,NA,NA,NA,NA,NA,NA,NA,NA,NA,NA,NA,NA,NA
13119007,31497,Hotel,iclub Ma Tau Wai  ,4677,114.18875122070312,22.316177368164062,4,1,2,NA,NA,NA,NA,NA,NA,NA,NA,NA,NA,NA,1,NA,1,1,1,1,NA,NA,1,1
